transaction_id,customer_id,product_id,store_id,date,quantity,price,total_amount,payment_method
f0765da2-e5fb-4643-bb4d-317df8d4464a,fb421189-d8fe-4e95-ae9f-897b179fc9ab,62384ab0-c8e0-4251-8e6d-a3c5d4421564,86fafee1-799a-4d73-ad3e-c949284a5246,2024-10-03,2,223.76,447.52,Credit Card
f4b126da-6fd3-40b2-9fc5-2f80a581168f,ce60843f-adcc-475a-b3b6-4bbaa7cefd3a,64cd48bd-6c17-49d7-a945-de3f567444a2,86fafee1-799a-4d73-ad3e-c949284a5246,2024-07-28,5,13.79,68.95,
2d157ef8-44b5-40c2-a801-1cce78e9f598,79587b0c-e1af-4f0c-9118-8f1b0af25e5a,10e73e63-20f6-49eb-8d4b-9cf083a43f35,ecd0c039-8652-41c1-bf3f-58bb34af0515,2025-02-07,1,178.83,170.89,Cash
eb0ba86d-e9ed-4d66-a304-780a49b7968d,a45b6a9c-fe26-48e4-9a7c-5dbd6222c3e6,ef4aad39-4ecc-4cb8-9231-f6e2576f21d7,c972cfe7-7ead-4806-a953-c9961dcabbd6,2025-01-15,5,33.53,155.07,Credit Card
9dbf59a8-1842-4886-a0f1-46f754a31ab3,92ded563-8092-471d-a7d6-5e473d375ea7,33ca6219-7102-471b-bf9b-5e6bba8c5b31,,,3,0.0,0.0,CREDIT_CARD
dde67ed5-51b7-428d-9634-37318cf826dd,adf976c2-31c7-40bb-a10a-4b09f2e5092b,33ca6219-7102-471b-bf9b-5e6bba8c5b31,c02baea7-34ac-4cb0-b3e1-b0916a8c9ebf,2024-12-29,4,0.0,0.0,Cash
23e64c33-bcb0-44fb-adb8-2537aca2f7aa,73f6cce6-ee21-4cd6-904d-5f265649b133,493df26b-04d0-4445-aa4c-653439255f7d,47cabd91-cfc0-4f8e-ad8f-f9261cb441c0,2024-10-25,1,,,CREDIT_CARD
a8750ff1-9b79-4393-bce8-213b433f9373,b081710d-b888-4367-ba6c-075bfa814b79,a714e30f-fc64-404b-afa2-9996d389ccb7,c972cfe7-7ead-4806-a953-c9961dcabbd6,2024-09-26,5,-10.0,-50.0,Credit Card
44195d44-5e19-492d-b98f-70d9043e49af,f6d21f6d-9735-4b76-929d-f4817cdbc416,6d8ed146-7f26-4724-bafe-9fb65c0f0dc7,,2024-09-14,-2,98.06,-196.12,CREDIT_CARD
1d4fa33d-350e-4dc9-be3a-8a2b0a96d95a,194724c2-fb70-4509-8390-90b756dc90dc,b9b70188-006b-4ac4-ba1b-73f4b18e6774,c972cfe7-7ead-4806-a953-c9961dcabbd6,2025-06-01,2,265.98,531.96,Cash
856def96-50eb-4730-9129-d8c9d18565e3,93d948d9-ac67-4c11-8512-37d1a20622cb,36eec5d0-0761-4bb0-97f8-3aaf1014ce0f,c972cfe7-7ead-4806-a953-c9961dcabbd6,2024-08-02,,269.86,,
201e5265-5013-48e5-9184-98ec182d8242,6953ed4e-d1d3-468b-9107-8cb2f7c1c7b4,9248a44d-3def-46a8-b132-875c19c20dfc,86fafee1-799a-4d73-ad3e-c949284a5246,2024-08-01,2,259.03,518.06,
b90278f9-c742-4c2f-b012-d5b4767a9f3d,d3200a80-a42f-43fd-8580-fcae85f0245f,a714e30f-fc64-404b-afa2-9996d389ccb7,4c9db171-7173-4b17-b1b4-edf5136631e7,2024-09-19,1,79.17,,Cash
ce1dc9ea-ed1e-4f70-b24d-d856b60a3664,2c417464-cc62-4555-b3ad-b444a0e1223b,33ca6219-7102-471b-bf9b-5e6bba8c5b31,c972cfe7-7ead-4806-a953-c9961dcabbd6,2024-12-25,,51.66,,
21a4d060-263a-4b0c-8d3d-092e6a38ad02,a45b6a9c-fe26-48e4-9a7c-5dbd6222c3e6,3ee6489e-6d08-405e-a296-4984945dbb62,d81e02c8-cc01-499b-b0ca-68e0a457fb95,2025-01-05,2,253.29,506.58,
9e8ccb74-457a-442d-90f2-c3bc31241d7c,cf00525e-aba6-475a-86a6-cd9cb3892c14,6715f0a9-a545-4f55-9d52-2027404e0551,5c17a8f4-a89e-4249-b14e-010278962d40,2025-08-05,0,149.14,0.0,Credit Card
6e60d21b-f694-43e7-a224-a0fc5cc4e691,9da32fd9-0f8d-4f96-a5c2-06bfbde55e42,81a5453f-2802-4917-800d-b55b9c373f8d,c02baea7-34ac-4cb0-b3e1-b0916a8c9ebf,2024-07-29,,30.27,,CREDIT_CARD
46adb705-d051-4281-a35d-c100e8d37fbd,ac3573de-2ee0-47a3-a46c-0a3d39365412,fabad200-157c-4463-8c1c-a618b99e59cf,ecd0c039-8652-41c1-bf3f-58bb34af0515,2024-12-10,0,284.32,0.0,
c7de4e6e-90d0-48c3-9832-0eb4009cfac8,3c54ef3a-52b0-444c-8012-5d22ccf0fdab,e8004c92-7049-4ab9-9b69-1d4c5f798385,fb8faf8a-33f8-4cbb-9a91-1f1290e7a88e,2025-05-30,3,64.34,193.02,CREDIT_CARD
71ff39ee-0e48-4914-a427-b21137d3847a,350a7064-2418-4618-b8a5-16f7b22918a2,e0175d57-7da3-4c99-8090-be40257bace3,86fafee1-799a-4d73-ad3e-c949284a5246,2024-12-27,2,178.55,357.1,Credit Card
d6f2aea5-5bd8-451b-ab48-ad8c1c9927b2,da59e789-1456-4166-8294-f862e5bd29b9,e0175d57-7da3-4c99-8090-be40257bace3,c02baea7-34ac-4cb0-b3e1-b0916a8c9ebf,2025-06-22,4,156.68,,
e1bcd309-6bb3-4435-9175-6860cbd973da,5c187fc0-85c6-491a-a29d-d80fbe805fe4,,ecd0c039-8652-41c1-bf3f-58bb34af0515,2025-02-10,1,243.21,243.21,Credit Card
7f56aae0-7640-49de-b8d9-0f13a9f91905,1e9a5a52-8466-45a8-b8da-76cb7e1ce384,1358fcdb-7c5b-413e-b2c1-72033420bdc8,47cabd91-cfc0-4f8e-ad8f-f9261cb441c0,2024-07-14,3,34.03,102.83,CREDIT_CARD
bd7fbc55-2b5c-4a19-b775-51cb5446243f,1541da5e-b9db-4e69-9569-a73016d63e32,a714e30f-fc64-404b-afa2-9996d389ccb7,e5dab380-cad5-41d5-b869-511fe2d057eb,2024-11-10,5,262.97,1314.85,Credit Card
a42f0302-c7e5-4e9b-918a-59f03c2eeeda,6953ed4e-d1d3-468b-9107-8cb2f7c1c7b4,9248a44d-3def-46a8-b132-875c19c20dfc,,2025-06-02,4,74.73,298.92,
921fe03d-161d-4ce8-aedf-d5bd9c33e931,cf00525e-aba6-475a-86a6-cd9cb3892c14,63c97ee3-7fa6-471d-9819-0ac779045b9c,d81e02c8-cc01-499b-b0ca-68e0a457fb95,2025-03-30,3,278.32,834.96,
8384c934-0ece-4681-b515-da73bad6b465,d76ccf48-6eca-40f1-b0a2-1bd6756417f3,8eb5e1d6-70d9-4084-85f0-b0db6c7631ec,ecd0c039-8652-41c1-bf3f-58bb34af0515,2025-02-09,1,50.67,50.67,Credit Card
a64ec96e-216b-4cfa-aff5-c6f79068d7ab,00a42b1c-967c-45ae-a906-055fd80543e9,36eec5d0-0761-4bb0-97f8-3aaf1014ce0f,ecd0c039-8652-41c1-bf3f-58bb34af0515,2024-11-06,2,0.0,0.0,Credit Card
3b40b36e-1626-4d88-b89a-90b9b832c18c,d3200a80-a42f-43fd-8580-fcae85f0245f,8767ed17-3a76-4325-9291-de1b2a3faeeb,47cabd91-cfc0-4f8e-ad8f-f9261cb441c0,2024-12-23,5,259.24,1296.2,
4cc82ebc-1aec-4001-95ec-ea6cbf733f65,d76ccf48-6eca-40f1-b0a2-1bd6756417f3,36eec5d0-0761-4bb0-97f8-3aaf1014ce0f,5caa3acb-07e8-4825-8eb6-ebdd65ff29bb,2025-03-27,2,,,Cash
6b89fe69-d051-43f8-a608-ba65026248e1,3a43cce4-b236-4f79-ab58-68741869ebc8,af408539-473e-47b0-8da5-feca1d886d22,47cabd91-cfc0-4f8e-ad8f-f9261cb441c0,2024-09-26,1,195.42,195.42,Credit Card
d91882ca-a595-4c09-a230-52ab1bbc062f,80c4b320-7d77-4cb8-a2db-5a0f8079007f,9ff3ff17-ace6-4f47-a4da-bb495f508a3b,e5dab380-cad5-41d5-b869-511fe2d057eb,2024-09-19,0,154.24,0.0,CREDIT_CARD
ccfd2dd7-4e39-4d8d-91ce-638a97833358,ea74cf51-08a5-4307-ada3-96342028ed5e,9ff3ff17-ace6-4f47-a4da-bb495f508a3b,fb8faf8a-33f8-4cbb-9a91-1f1290e7a88e,2025-04-30,5,,,Cash
2af23c9f-51d5-4572-968b-593d96255a02,d76ccf48-6eca-40f1-b0a2-1bd6756417f3,0a26577c-2196-4e4b-9429-a5bf9708c55d,275b32bb-da2a-4466-a325-019af89f21cb,2024-09-22,5,0.0,0.0,Cash
d3f30a12-edb9-4e21-bbac-d9b8a352b221,9428f031-b2e3-44ed-9b2b-2fedc103a17b,7ab34a8e-f117-476f-9569-be4248c67637,47cabd91-cfc0-4f8e-ad8f-f9261cb441c0,2025-04-13,-2,256.61,-513.22,
19ef8ea0-4eb0-4a9a-b1dd-79b2e5376c0a,,dbb24b61-6ffe-4078-ab38-7395901ba7ad,86fafee1-799a-4d73-ad3e-c949284a5246,2025-04-02,3,6.05,18.15,
5cb62896-8dbd-4853-97d4-37e432af8c0d,feb5ceb7-39da-4ae8-a25e-cc161e790bcc,62384ab0-c8e0-4251-8e6d-a3c5d4421564,c02baea7-34ac-4cb0-b3e1-b0916a8c9ebf,2025-01-30,2,283.79,567.58,CREDIT_CARD
3a1ba2c1-8fc3-461f-b620-edbeeae10285,e04c5a9d-f151-4ae4-a59d-03886be15dd9,af408539-473e-47b0-8da5-feca1d886d22,86fafee1-799a-4d73-ad3e-c949284a5246,2024-08-11,0,0.0,0.0,Credit Card
b766135e-a4dc-49fe-97a8-e9936284ea08,73f6cce6-ee21-4cd6-904d-5f265649b133,1009986f-78d7-4d5a-9a14-41fa12c032cf,4c9db171-7173-4b17-b1b4-edf5136631e7,2025-06-30,5,265.82,1329.1,CREDIT_CARD
673e9c3a-022b-463d-a369-01fdb83144c8,e3aab66f-252c-4700-8f7e-0be847a33ae4,,275b32bb-da2a-4466-a325-019af89f21cb,2024-10-13,3,265.02,795.06,CREDIT_CARD
52f6bcfd-5c7f-4878-a91f-ca008f1bf105,e62d4199-e596-4ce1-86e5-6f5c4714e037,f0c24ba3-6ab1-48fd-9ba5-f5e5d7bd481c,,2025-04-29,0,211.88,0.0,
c5455a4a-0d20-44c9-a209-8264f0781c70,68370574-a77e-4aac-810e-6ab4d4e25b4a,646b664a-ef11-4521-9076-49053795ddeb,,2024-09-08,1,239.63,239.63,Credit Card
aa07db20-33de-4eee-bb9f-dc6871cc3221,adf976c2-31c7-40bb-a10a-4b09f2e5092b,dbb24b61-6ffe-4078-ab38-7395901ba7ad,5c17a8f4-a89e-4249-b14e-010278962d40,2025-02-21,5,194.24,,
d362c3fb-8a05-4809-b3af-bdab1a390409,812bb824-849c-4d7c-b23d-d9e40f93d2b3,6d8ed146-7f26-4724-bafe-9fb65c0f0dc7,c02baea7-34ac-4cb0-b3e1-b0916a8c9ebf,2025-04-15,3,180.99,542.97,
c1996662-5ae4-4baf-a8e7-2cc2596afd1e,9bdd5bb1-0e8f-4e08-b95d-6e7acad63c83,c6b3070d-cb83-4d38-9466-3871415ccfbd,86fafee1-799a-4d73-ad3e-c949284a5246,2024-12-05,5,214.09,1070.45,CREDIT_CARD
c1935f3a-1e99-44cc-844f-2052e09ae72b,e42f28cf-11ca-49a9-8ec4-28d973247d44,64cd48bd-6c17-49d7-a945-de3f567444a2,c02baea7-34ac-4cb0-b3e1-b0916a8c9ebf,2024-09-01,5,-10.0,-50.0,Cash
4630752c-ed57-4a98-89c2-38c7772bd022,b0b56cc6-3b56-4253-a2ae-922da488b06c,646b664a-ef11-4521-9076-49053795ddeb,47cabd91-cfc0-4f8e-ad8f-f9261cb441c0,2024-08-13,3,125.48,192.68,CREDIT_CARD
f953f7d9-0fcf-4d1a-9390-7a00b771121e,71fe5dcf-50ce-4e59-bc94-7db7febed7df,81a5453f-2802-4917-800d-b55b9c373f8d,d81e02c8-cc01-499b-b0ca-68e0a457fb95,2025-01-02,3,124.79,374.37,Cash
1e08ed49-1eef-4eae-8299-6c346f113ef2,3ad61d29-17ac-4857-8fc7-464b06e3b983,a1f04893-fc09-4e3f-be25-b10a7ba69952,ecd0c039-8652-41c1-bf3f-58bb34af0515,2025-02-18,2,204.31,408.62,
5b1f37f3-bd17-4726-9bd3-03284df74ae6,38671f4a-27bf-4abe-ba03-d7c0ad95105f,ef4aad39-4ecc-4cb8-9231-f6e2576f21d7,,2024-09-08,3,285.84,813.76,Credit Card
a7481922-abdf-44eb-94ee-b9326a587ff4,15181dc7-b1cb-44a7-9093-31107bd7ffaf,6821596b-797d-40b4-bbe7-aa3423d2bff0,47cabd91-cfc0-4f8e-ad8f-f9261cb441c0,2025-01-05,4,174.82,699.28,Credit Card
46b20341-03af-4761-a31b-4754931c7535,3c54ef3a-52b0-444c-8012-5d22ccf0fdab,1009986f-78d7-4d5a-9a14-41fa12c032cf,c02baea7-34ac-4cb0-b3e1-b0916a8c9ebf,2024-09-25,5,234.63,1173.15,Credit Card
fcd616a4-38ce-4df2-957c-70dd2ef99fac,15181dc7-b1cb-44a7-9093-31107bd7ffaf,af408539-473e-47b0-8da5-feca1d886d22,,2025-04-30,5,142.07,710.35,
542ef24d-72e1-4fd2-b194-68e59fef55e8,18ee6c8b-980f-4f53-9a08-04ee6a24784c,e8004c92-7049-4ab9-9b69-1d4c5f798385,4c9db171-7173-4b17-b1b4-edf5136631e7,2025-02-09,0,-10.0,-0.0,Cash
7bb8728d-403b-4a60-a3bf-57cc6b5bb771,3c54ef3a-52b0-444c-8012-5d22ccf0fdab,874408bb-eabe-40c3-8f81-a1fee9898c70,,2025-06-26,5,193.11,965.55,Cash
356c4108-f9ee-469d-9146-80a9263fa3a1,9da32fd9-0f8d-4f96-a5c2-06bfbde55e42,dbb24b61-6ffe-4078-ab38-7395901ba7ad,5c17a8f4-a89e-4249-b14e-010278962d40,2025-04-18,2,99.31,198.62,CREDIT_CARD
05dd6ee8-8aa1-4d62-b057-cfc8c9890973,350a7064-2418-4618-b8a5-16f7b22918a2,6821596b-797d-40b4-bbe7-aa3423d2bff0,c972cfe7-7ead-4806-a953-c9961dcabbd6,2024-11-12,1,102.61,102.61,
a4f7a3aa-b702-41c0-9e41-0fb2b4141617,0fd7db70-4e37-4421-ba17-9fad3b25c23e,49c992d0-2a96-4a52-bbe2-875050499d95,,2025-04-22,4,264.79,1059.16,
f019a4fe-daec-42d4-afe5-deeac10c0008,69872f66-e1b9-4d09-ba57-9f7885705c17,05e362c2-bdba-4e86-ba58-8db43d9fdcff,fb8faf8a-33f8-4cbb-9a91-1f1290e7a88e,2025-04-10,2,166.11,332.22,
67a42073-c3a5-4ee2-83b2-d57c1ea0cfa7,920cf7a4-d807-4470-9f0c-843b26a87626,fabad200-157c-4463-8c1c-a618b99e59cf,47cabd91-cfc0-4f8e-ad8f-f9261cb441c0,2024-12-18,-2,240.45,-480.9,
c6964e48-2b48-43a4-b6b2-3c564c3350d2,ce60843f-adcc-475a-b3b6-4bbaa7cefd3a,81a5453f-2802-4917-800d-b55b9c373f8d,47cabd91-cfc0-4f8e-ad8f-f9261cb441c0,2025-02-01,0,13.0,0.0,Cash
18e3bd21-3ff2-4d46-b58a-fb696270c9b0,39b23925-8f87-4738-92f9-aaa2d45cf3aa,63c97ee3-7fa6-471d-9819-0ac779045b9c,d81e02c8-cc01-499b-b0ca-68e0a457fb95,2024-09-02,3,226.84,680.52,Credit Card
cc7fa601-b67b-427f-95af-892367ff7072,68370574-a77e-4aac-810e-6ab4d4e25b4a,10e73e63-20f6-49eb-8d4b-9cf083a43f35,47cabd91-cfc0-4f8e-ad8f-f9261cb441c0,2024-11-18,1,,,CREDIT_CARD
f9092373-03b6-4bcb-b71f-9fc5197b593d,86e561e3-0306-44ab-8674-fece79f7072f,a5f6cbcb-a13b-467d-a703-c222e376d39f,275b32bb-da2a-4466-a325-019af89f21cb,2025-01-15,1,75.37,75.37,Cash
0cdb092a-9b12-43b8-9b12-f9721c2e39e8,47a647eb-02c0-4a41-a1e7-11e1db91164a,6715f0a9-a545-4f55-9d52-2027404e0551,5caa3acb-07e8-4825-8eb6-ebdd65ff29bb,2024-11-12,,289.3,,Credit Card
e4c3cdc1-78ec-4fdc-90cc-f7e7d23fa01f,dd1ebb20-fed0-4caa-bf15-33c4098d883c,81a5453f-2802-4917-800d-b55b9c373f8d,47cabd91-cfc0-4f8e-ad8f-f9261cb441c0,2025-07-03,2,272.87,545.74,Credit Card
fc98d39b-2969-423e-92de-dd89a34a668b,0fd7db70-4e37-4421-ba17-9fad3b25c23e,1009986f-78d7-4d5a-9a14-41fa12c032cf,d81e02c8-cc01-499b-b0ca-68e0a457fb95,,1,255.84,255.84,
5c955c9e-5992-4511-a791-c2190b5c8e21,dcf0fa3e-7ba6-45ee-91fb-dbab0c7c4c56,fabad200-157c-4463-8c1c-a618b99e59cf,5c17a8f4-a89e-4249-b14e-010278962d40,2025-04-29,1,25.34,25.34,Cash
d1ae0093-095b-4695-a0e5-fb719f4bfdea,fb421189-d8fe-4e95-ae9f-897b179fc9ab,a714e30f-fc64-404b-afa2-9996d389ccb7,fb8faf8a-33f8-4cbb-9a91-1f1290e7a88e,2025-02-03,,50.13,,
f9a899e7-16f2-47f8-8d9e-cbfbcdc4f70a,ef9028f8-0443-4f20-a432-b3f72a4caabf,c9ca0f4a-de75-4595-9bc3-885184f46822,ecd0c039-8652-41c1-bf3f-58bb34af0515,2024-12-26,3,133.49,400.47,Cash
b67593b4-a893-4456-bf3e-3eef11e08b01,1848856b-9647-4731-bff6-443ffaeb0e45,874408bb-eabe-40c3-8f81-a1fee9898c70,,2025-03-17,4,142.09,568.36,
50151d8f-aa1c-4f1a-b9b5-6cdc6f09d296,d4e36d59-95ba-495a-a7e6-3bc0808ff8bd,ed0c0eef-8292-4cc5-bfd0-fd6cd238de81,,,5,81.21,406.05,CREDIT_CARD
70edde36-31a0-4341-bd9c-fb42b5ba6828,bb6f750f-472d-455e-98fe-ce4efe112e9a,874408bb-eabe-40c3-8f81-a1fee9898c70,fb8faf8a-33f8-4cbb-9a91-1f1290e7a88e,2024-08-21,2,124.9,249.8,Credit Card
77295faa-45fa-4f71-bcdb-1addc615f272,6953ed4e-d1d3-468b-9107-8cb2f7c1c7b4,33ca6219-7102-471b-bf9b-5e6bba8c5b31,e5dab380-cad5-41d5-b869-511fe2d057eb,2025-01-02,5,124.3,621.5,
d43d2418-ed76-49e7-922d-7e9cd66b00af,38671f4a-27bf-4abe-ba03-d7c0ad95105f,ed0c0eef-8292-4cc5-bfd0-fd6cd238de81,fb8faf8a-33f8-4cbb-9a91-1f1290e7a88e,2024-08-02,2,138.85,279.69,CREDIT_CARD
efcf6f7d-aeb5-4ee7-8e3a-b80630bc52f5,9bdd5bb1-0e8f-4e08-b95d-6e7acad63c83,493df26b-04d0-4445-aa4c-653439255f7d,fb8faf8a-33f8-4cbb-9a91-1f1290e7a88e,2025-03-11,5,147.84,739.2,Cash
0d574792-4ec7-4ad2-b9f0-bc8439fec349,f6d21f6d-9735-4b76-929d-f4817cdbc416,4253c2ff-75aa-4e50-9d32-8b95d61cce58,275b32bb-da2a-4466-a325-019af89f21cb,2025-05-16,2,94.17,188.34,CREDIT_CARD
4d7b3a68-e70d-4ab5-a89f-72d1971e5e5d,fb421189-d8fe-4e95-ae9f-897b179fc9ab,9248a44d-3def-46a8-b132-875c19c20dfc,ecd0c039-8652-41c1-bf3f-58bb34af0515,2025-02-01,3,35.26,105.78,Credit Card
397a9138-2b20-4406-b02f-ed2aaac10ce3,82607b47-c0c9-4a13-a3d1-abc82bb512c4,c9ca0f4a-de75-4595-9bc3-885184f46822,c02baea7-34ac-4cb0-b3e1-b0916a8c9ebf,2024-08-29,1,247.52,247.52,
a8cc3ce6-3438-4330-a231-9852562c620c,55f011dd-f44a-4ac1-b396-b4cd5c184302,ef4aad39-4ecc-4cb8-9231-f6e2576f21d7,e5dab380-cad5-41d5-b869-511fe2d057eb,2024-12-19,5,39.94,199.7,
c2c2dfed-6209-413c-9591-d7d2f7e539e0,1848856b-9647-4731-bff6-443ffaeb0e45,a1f04893-fc09-4e3f-be25-b10a7ba69952,d81e02c8-cc01-499b-b0ca-68e0a457fb95,2025-03-10,3,,,Credit Card
c2c9e5cf-af94-4a46-b012-eda3f3070dda,39b23925-8f87-4738-92f9-aaa2d45cf3aa,493df26b-04d0-4445-aa4c-653439255f7d,47cabd91-cfc0-4f8e-ad8f-f9261cb441c0,2024-12-21,2,67.25,134.5,
a1a2dbd0-e920-4db7-98ad-a6d8d1c179d0,1848856b-9647-4731-bff6-443ffaeb0e45,31ef6954-f381-4a13-87c3-e896dc177af5,5caa3acb-07e8-4825-8eb6-ebdd65ff29bb,2025-07-31,3,143.62,430.86,CREDIT_CARD
f20aa9c3-608d-4a57-861f-1175af2fd9d3,812bb824-849c-4d7c-b23d-d9e40f93d2b3,,,2025-05-12,2,189.39,378.78,Cash
4c77a4cc-6376-449d-a238-0f68f773acc1,,90afff65-6499-4339-8f0c-dd2903d04e98,c02baea7-34ac-4cb0-b3e1-b0916a8c9ebf,2025-06-30,5,22.59,112.95,Credit Card
3266bf1d-368c-450a-a3fd-50e4aab5a562,3ad61d29-17ac-4857-8fc7-464b06e3b983,31ef6954-f381-4a13-87c3-e896dc177af5,d81e02c8-cc01-499b-b0ca-68e0a457fb95,2024-10-27,5,,,
40354ddd-240b-4334-8b3d-bcefb290c948,09fbc74c-6dbe-40da-b435-2535a1f8c48d,64cd48bd-6c17-49d7-a945-de3f567444a2,fb8faf8a-33f8-4cbb-9a91-1f1290e7a88e,2025-01-30,1,100.08,100.08,
40d71025-3fe5-4ce2-aa58-cd712bb615da,86e561e3-0306-44ab-8674-fece79f7072f,9248a44d-3def-46a8-b132-875c19c20dfc,47cabd91-cfc0-4f8e-ad8f-f9261cb441c0,2024-10-25,2,247.32,494.64,CREDIT_CARD
a890d032-4d93-4c68-8778-56e3f0e189f6,52a9cd7a-8c27-42ee-906c-9207a4ec1f1c,64cd48bd-6c17-49d7-a945-de3f567444a2,47cabd91-cfc0-4f8e-ad8f-f9261cb441c0,2025-01-16,4,,,Credit Card
a5e1b3a5-c46d-45e8-acbd-12ef820f272f,b081710d-b888-4367-ba6c-075bfa814b79,e0175d57-7da3-4c99-8090-be40257bace3,c972cfe7-7ead-4806-a953-c9961dcabbd6,2025-01-29,4,209.63,838.52,Cash
5016858f-ecb7-4795-9574-db5bd72a2c93,82607b47-c0c9-4a13-a3d1-abc82bb512c4,5964fb7a-3a51-41de-81ed-64a1af35fb0d,c02baea7-34ac-4cb0-b3e1-b0916a8c9ebf,2025-06-06,5,291.2,,Credit Card
65fdcdbe-90eb-474d-a7d0-da82aec2a0ab,9bdd5bb1-0e8f-4e08-b95d-6e7acad63c83,a0d9eb80-6e0d-4af8-a4e8-e616f37addfa,5c17a8f4-a89e-4249-b14e-010278962d40,2025-05-15,4,188.68,754.72,Cash
c910b2a7-2ef3-46e7-a7b8-078efab82f99,ea74cf51-08a5-4307-ada3-96342028ed5e,31ef6954-f381-4a13-87c3-e896dc177af5,ecd0c039-8652-41c1-bf3f-58bb34af0515,2025-04-16,5,,,Cash
249410c3-8f6b-4954-aa15-003010131573,92ded563-8092-471d-a7d6-5e473d375ea7,93243c1a-598a-4851-a724-ed50efca74ba,4c9db171-7173-4b17-b1b4-edf5136631e7,2024-12-26,1,125.36,,Cash
6a447031-3c3a-4f9a-9849-0e6ad502f6c1,0bd758e0-b5c9-42ff-8a81-18ffe12d89c2,8eb5e1d6-70d9-4084-85f0-b0db6c7631ec,d81e02c8-cc01-499b-b0ca-68e0a457fb95,2024-10-24,4,127.57,510.28,
92c22cc5-656f-4fe3-afb8-f24e4829cd71,0bd758e0-b5c9-42ff-8a81-18ffe12d89c2,05e362c2-bdba-4e86-ba58-8db43d9fdcff,275b32bb-da2a-4466-a325-019af89f21cb,2025-08-08,4,259.89,1039.56,Credit Card
ecce3ef8-0457-4f40-9c76-962aa9b34302,a632d55a-f192-4027-9fb5-501c911fb001,e8004c92-7049-4ab9-9b69-1d4c5f798385,d81e02c8-cc01-499b-b0ca-68e0a457fb95,2025-07-27,0,252.06,0.0,Cash
db8cb1d7-d056-44d4-a020-421b7b740fec,92ded563-8092-471d-a7d6-5e473d375ea7,9248a44d-3def-46a8-b132-875c19c20dfc,4c9db171-7173-4b17-b1b4-edf5136631e7,2024-09-17,,,,
cb2b716e-5694-4c1a-9d75-ae78876485fb,f6d21f6d-9735-4b76-929d-f4817cdbc416,1009986f-78d7-4d5a-9a14-41fa12c032cf,c972cfe7-7ead-4806-a953-c9961dcabbd6,2024-08-14,4,17.88,71.52,CREDIT_CARD
2c13f756-3c76-4834-902c-cdf4070f7356,2f4a84f4-5216-47a5-8436-e20333631f86,6d8ed146-7f26-4724-bafe-9fb65c0f0dc7,275b32bb-da2a-4466-a325-019af89f21cb,2024-10-02,0,153.18,0.0,
08f81754-9a37-4f3b-838d-ec3841d1de8f,feb5ceb7-39da-4ae8-a25e-cc161e790bcc,e8004c92-7049-4ab9-9b69-1d4c5f798385,275b32bb-da2a-4466-a325-019af89f21cb,2024-11-04,2,125.94,251.88,
342f7539-fd91-4a3c-979a-15856c648122,80f3b449-a80e-4301-a532-d4754f18983e,62c8dd35-6536-47b9-9936-e659a127f3e7,47cabd91-cfc0-4f8e-ad8f-f9261cb441c0,2024-11-10,5,28.69,143.45,
2382e5dc-2674-4240-8e99-7c9b49cf53e6,66a182e0-5902-4c1b-99eb-d12f4a92e2ae,6d8ed146-7f26-4724-bafe-9fb65c0f0dc7,5caa3acb-07e8-4825-8eb6-ebdd65ff29bb,2025-06-01,,25.18,,
338de1f1-a8ae-45ed-9c4d-0b25e7e931b4,54f4cccc-13dc-4ef1-9711-68e78f2f02d0,9248a44d-3def-46a8-b132-875c19c20dfc,47cabd91-cfc0-4f8e-ad8f-f9261cb441c0,,2,212.65,425.3,Credit Card
59d60250-fdf7-4f9b-8d06-e10bce1f2a3e,f26b8a1d-bca5-4264-935c-79df13801a76,ed0c0eef-8292-4cc5-bfd0-fd6cd238de81,5c17a8f4-a89e-4249-b14e-010278962d40,2024-08-27,4,132.05,528.2,Credit Card
04eac8ec-b56b-4a95-a1fa-8410bb29a0b8,71fe5dcf-50ce-4e59-bc94-7db7febed7df,63c97ee3-7fa6-471d-9819-0ac779045b9c,5caa3acb-07e8-4825-8eb6-ebdd65ff29bb,2025-05-03,5,206.52,1032.6,Cash
748b94fc-7d67-41d2-b1fa-ae3cd3497232,a07fe685-ec69-4c3f-b188-1ba16fed7029,93243c1a-598a-4851-a724-ed50efca74ba,,2025-05-01,5,142.25,711.25,
c56744b5-cd2f-4fdf-9c53-5b88708507ce,55f011dd-f44a-4ac1-b396-b4cd5c184302,3ee6489e-6d08-405e-a296-4984945dbb62,c972cfe7-7ead-4806-a953-c9961dcabbd6,2025-07-07,3,208.64,625.92,CREDIT_CARD
a129303e-963a-4d71-84c9-02f9bfb62448,ff474f31-4f18-47d3-9869-87e3bde370d2,81a5453f-2802-4917-800d-b55b9c373f8d,5c17a8f4-a89e-4249-b14e-010278962d40,2025-01-20,3,,,
1801e5c4-0f0c-4301-85f9-2569f44d5542,1541da5e-b9db-4e69-9569-a73016d63e32,93243c1a-598a-4851-a724-ed50efca74ba,5caa3acb-07e8-4825-8eb6-ebdd65ff29bb,2024-07-17,-2,260.19,-520.38,Cash
61bc77a2-47f3-4837-89bb-350d83267f5c,ef9028f8-0443-4f20-a432-b3f72a4caabf,,e5dab380-cad5-41d5-b869-511fe2d057eb,2024-10-05,2,184.08,368.16,CREDIT_CARD
668bf391-0cff-4f58-b15e-8c02135a8d0f,f4460eda-9439-4d52-828d-ab4f6c379dbf,0a26577c-2196-4e4b-9429-a5bf9708c55d,47cabd91-cfc0-4f8e-ad8f-f9261cb441c0,2025-02-01,4,195.67,782.68,Cash
76790364-f396-46bc-9706-64f8261a4c45,8392e6f2-fb05-439f-a11d-309420784be6,05e362c2-bdba-4e86-ba58-8db43d9fdcff,c972cfe7-7ead-4806-a953-c9961dcabbd6,2025-03-30,0,56.81,0.0,Cash
67e91ee5-2604-49d5-a6a2-ca04c73ab5b7,,f0c24ba3-6ab1-48fd-9ba5-f5e5d7bd481c,d81e02c8-cc01-499b-b0ca-68e0a457fb95,2024-10-03,3,,,Credit Card
bc2caf8f-7ae9-4f51-9314-7411832d9361,3ad61d29-17ac-4857-8fc7-464b06e3b983,8767ed17-3a76-4325-9291-de1b2a3faeeb,275b32bb-da2a-4466-a325-019af89f21cb,2025-02-21,,227.47,,Cash
e39a47bb-7e5d-4783-a10c-77ee2fed804a,6953ed4e-d1d3-468b-9107-8cb2f7c1c7b4,,c972cfe7-7ead-4806-a953-c9961dcabbd6,2025-06-11,4,9.11,36.44,
945b0e2a-8e84-4968-8698-6c3c8b479c4f,,3ee6489e-6d08-405e-a296-4984945dbb62,5c17a8f4-a89e-4249-b14e-010278962d40,2024-11-08,1,36.96,36.96,
a3b98f79-27cc-440b-af6a-a887d3610663,533f9fef-ee72-47de-a1b9-caff981e5504,1358fcdb-7c5b-413e-b2c1-72033420bdc8,c02baea7-34ac-4cb0-b3e1-b0916a8c9ebf,2025-06-26,3,192.44,523.88,Credit Card
c0702eb9-2ce7-41a7-97fe-6ecd1d681932,54f4cccc-13dc-4ef1-9711-68e78f2f02d0,874408bb-eabe-40c3-8f81-a1fee9898c70,4c9db171-7173-4b17-b1b4-edf5136631e7,2024-07-11,5,45.02,225.1,
bff469b7-f7a5-473e-907c-7f12f9178dcf,194724c2-fb70-4509-8390-90b756dc90dc,0a26577c-2196-4e4b-9429-a5bf9708c55d,,2025-01-29,3,149.36,448.08,CREDIT_CARD
85dbd410-6a4e-473c-b011-a94f6759af0e,e42f28cf-11ca-49a9-8ec4-28d973247d44,0a26577c-2196-4e4b-9429-a5bf9708c55d,47cabd91-cfc0-4f8e-ad8f-f9261cb441c0,2025-08-01,3,-10.0,-30.0,
428bfb58-3514-40e0-b230-fd730c857e40,6953ed4e-d1d3-468b-9107-8cb2f7c1c7b4,fabad200-157c-4463-8c1c-a618b99e59cf,e5dab380-cad5-41d5-b869-511fe2d057eb,2024-11-24,1,194.3,194.3,
ab750634-a4e6-497c-9c1f-9d9f4d9b7da9,9428f031-b2e3-44ed-9b2b-2fedc103a17b,8767ed17-3a76-4325-9291-de1b2a3faeeb,,2025-08-07,2,230.72,461.44,
5553ce02-36f5-4a2b-a473-d336f4840961,cf00525e-aba6-475a-86a6-cd9cb3892c14,dbb24b61-6ffe-4078-ab38-7395901ba7ad,,2024-09-29,5,,,Credit Card
fdec0c35-8244-48b2-8aed-8237383d9af1,ac3573de-2ee0-47a3-a46c-0a3d39365412,93243c1a-598a-4851-a724-ed50efca74ba,5c17a8f4-a89e-4249-b14e-010278962d40,2025-02-25,3,238.05,714.15,
ba6f6e5b-b195-4f08-b81d-a477ae22ad46,08ef5dfe-3608-458b-86e0-fbd5aaf5b467,62384ab0-c8e0-4251-8e6d-a3c5d4421564,fb8faf8a-33f8-4cbb-9a91-1f1290e7a88e,,3,23.75,472.98,
e3b9146c-24de-482d-b97d-48104cbc3c52,55f011dd-f44a-4ac1-b396-b4cd5c184302,a714e30f-fc64-404b-afa2-9996d389ccb7,47cabd91-cfc0-4f8e-ad8f-f9261cb441c0,2025-08-07,4,289.39,1157.56,
13e17c1a-6372-49e8-a75b-74731494e6f8,80c4b320-7d77-4cb8-a2db-5a0f8079007f,ef4aad39-4ecc-4cb8-9231-f6e2576f21d7,5c17a8f4-a89e-4249-b14e-010278962d40,2024-12-10,3,184.45,553.35,
954455d5-5002-4520-9c44-037590f5b6cb,d3200a80-a42f-43fd-8580-fcae85f0245f,a0d9eb80-6e0d-4af8-a4e8-e616f37addfa,d81e02c8-cc01-499b-b0ca-68e0a457fb95,2024-11-04,1,138.85,439.46,CREDIT_CARD
9384eb28-a9f8-4942-b8ab-fa408063e586,e04c5a9d-f151-4ae4-a59d-03886be15dd9,a1f04893-fc09-4e3f-be25-b10a7ba69952,e5dab380-cad5-41d5-b869-511fe2d057eb,2025-04-25,4,127.08,525.11,CREDIT_CARD
e570fc4f-d89e-4003-929b-d67c12f0fbee,bab41252-9e70-4684-9343-e8ded221d5f6,c9ca0f4a-de75-4595-9bc3-885184f46822,c02baea7-34ac-4cb0-b3e1-b0916a8c9ebf,2024-11-11,4,31.91,127.64,
c8fc1e11-2bd9-459b-a4f0-883c6cfab699,c2e689c4-fad4-46a2-8655-724864172932,36eec5d0-0761-4bb0-97f8-3aaf1014ce0f,4c9db171-7173-4b17-b1b4-edf5136631e7,2024-07-09,4,170.7,682.8,Credit Card
6c584409-5ff6-4ea5-98cf-b81e78319712,a632d55a-f192-4027-9fb5-501c911fb001,6715f0a9-a545-4f55-9d52-2027404e0551,d81e02c8-cc01-499b-b0ca-68e0a457fb95,2025-03-17,2,108.74,217.48,Cash
3c5cb122-9228-46d4-9ea3-2c55cbd2396a,db1b67b8-0a4d-451e-b206-39b8983fa783,4253c2ff-75aa-4e50-9d32-8b95d61cce58,c02baea7-34ac-4cb0-b3e1-b0916a8c9ebf,2025-07-23,4,229.97,919.88,
7db27a12-443e-466a-bf82-8b65535ec261,1e9a5a52-8466-45a8-b8da-76cb7e1ce384,1358fcdb-7c5b-413e-b2c1-72033420bdc8,4c9db171-7173-4b17-b1b4-edf5136631e7,2024-07-24,3,-10.0,-30.0,Cash
6ce07053-ce47-4b77-9031-1b06a85cbe49,68370574-a77e-4aac-810e-6ab4d4e25b4a,93243c1a-598a-4851-a724-ed50efca74ba,275b32bb-da2a-4466-a325-019af89f21cb,2024-10-03,4,261.61,1046.44,Credit Card
9b411d3e-2c31-4ad9-8ad0-bb48aea4c372,93d948d9-ac67-4c11-8512-37d1a20622cb,a0d9eb80-6e0d-4af8-a4e8-e616f37addfa,e5dab380-cad5-41d5-b869-511fe2d057eb,2025-04-16,2,115.98,231.96,
cf91e4d8-6854-483b-97d8-d21cc1d9f592,d3200a80-a42f-43fd-8580-fcae85f0245f,ef4aad39-4ecc-4cb8-9231-f6e2576f21d7,86fafee1-799a-4d73-ad3e-c949284a5246,2025-03-04,1,50.9,50.9,
4ac988a4-0cdc-41fa-adc8-c95e7ec82835,16fe7355-7342-417e-b880-f95fb38ce6fc,a1f04893-fc09-4e3f-be25-b10a7ba69952,c972cfe7-7ead-4806-a953-c9961dcabbd6,2025-01-10,1,85.58,298.6,Cash
88b69ae9-dbdf-4af9-ad3f-14238da13537,09fbc74c-6dbe-40da-b435-2535a1f8c48d,10e73e63-20f6-49eb-8d4b-9cf083a43f35,c972cfe7-7ead-4806-a953-c9961dcabbd6,2024-08-22,2,295.41,590.82,Cash
ef2e8494-6c3c-48be-9002-1751450e4bc0,f26b8a1d-bca5-4264-935c-79df13801a76,5964fb7a-3a51-41de-81ed-64a1af35fb0d,c02baea7-34ac-4cb0-b3e1-b0916a8c9ebf,2025-01-12,2,7.28,14.56,
b079ac0f-b767-4b0c-a8b6-97c60511e9c1,,fabad200-157c-4463-8c1c-a618b99e59cf,,2024-09-08,1,109.48,109.48,Cash
6be2866a-e15c-4fcc-a56e-b26f2755d275,270efa16-c76f-4c3d-8465-e0af219cd9a2,64cd48bd-6c17-49d7-a945-de3f567444a2,5caa3acb-07e8-4825-8eb6-ebdd65ff29bb,2024-09-13,3,124.3,395.37,Cash
428b6616-d995-4712-ad44-d101c9351713,6953ed4e-d1d3-468b-9107-8cb2f7c1c7b4,64cd48bd-6c17-49d7-a945-de3f567444a2,,2025-07-21,4,36.23,144.92,Cash
7bdb80de-41a6-46ce-aec2-11d2208c00f1,533f9fef-ee72-47de-a1b9-caff981e5504,e0175d57-7da3-4c99-8090-be40257bace3,,2024-08-31,1,54.6,178.79,CREDIT_CARD
99550534-b992-4c3a-bbdb-aad8b202a637,9da32fd9-0f8d-4f96-a5c2-06bfbde55e42,0a26577c-2196-4e4b-9429-a5bf9708c55d,275b32bb-da2a-4466-a325-019af89f21cb,2024-10-14,2,80.51,161.02,
837c9b0a-6642-4f17-ab30-a4e8e9514d98,3ad61d29-17ac-4857-8fc7-464b06e3b983,9248a44d-3def-46a8-b132-875c19c20dfc,5caa3acb-07e8-4825-8eb6-ebdd65ff29bb,2024-10-16,5,229.16,1145.8,Cash
9d76f286-2234-4cfe-9ea9-1103323a1165,9e3cb004-b5b7-4397-ab88-f782f57918cc,a1f04893-fc09-4e3f-be25-b10a7ba69952,c02baea7-34ac-4cb0-b3e1-b0916a8c9ebf,2025-07-13,3,143.33,429.99,
aad034e7-9942-4e6a-b9bc-3785ed54d7c9,1848856b-9647-4731-bff6-443ffaeb0e45,6d8ed146-7f26-4724-bafe-9fb65c0f0dc7,86fafee1-799a-4d73-ad3e-c949284a5246,2024-11-14,1,113.78,113.78,
05edf105-344b-4a1f-9fd5-370af0ad18c3,4baf4d56-d33b-4921-9b92-7e419501cc4f,05e362c2-bdba-4e86-ba58-8db43d9fdcff,86fafee1-799a-4d73-ad3e-c949284a5246,2025-01-30,2,137.67,275.34,Credit Card
a3329410-3950-4b47-8b5f-1f1183b6c1e9,1848856b-9647-4731-bff6-443ffaeb0e45,0a26577c-2196-4e4b-9429-a5bf9708c55d,,2025-06-02,1,270.24,266.88,
ed7429f1-194b-40bc-9ea8-20531ac9191d,71fe5dcf-50ce-4e59-bc94-7db7febed7df,f0c24ba3-6ab1-48fd-9ba5-f5e5d7bd481c,5c17a8f4-a89e-4249-b14e-010278962d40,2024-12-20,4,114.99,459.96,Cash
89eccb57-dca8-4c86-b4d8-f1b8a7c5631b,350a7064-2418-4618-b8a5-16f7b22918a2,e0175d57-7da3-4c99-8090-be40257bace3,c02baea7-34ac-4cb0-b3e1-b0916a8c9ebf,2024-12-12,3,169.6,508.8,CREDIT_CARD
e782cac5-02d8-428c-ad41-1ed4632a0991,38671f4a-27bf-4abe-ba03-d7c0ad95105f,ef4aad39-4ecc-4cb8-9231-f6e2576f21d7,5caa3acb-07e8-4825-8eb6-ebdd65ff29bb,2025-03-08,,-10.0,,
b613127d-8714-43ce-9eb9-ab819658942e,ac3573de-2ee0-47a3-a46c-0a3d39365412,6715f0a9-a545-4f55-9d52-2027404e0551,fb8faf8a-33f8-4cbb-9a91-1f1290e7a88e,2025-05-14,4,281.71,1126.84,
807b9b0e-f6cd-4854-b5c9-a62b687cbca3,6953ed4e-d1d3-468b-9107-8cb2f7c1c7b4,1358fcdb-7c5b-413e-b2c1-72033420bdc8,47cabd91-cfc0-4f8e-ad8f-f9261cb441c0,2025-04-25,3,129.9,389.7,
63085549-91d1-4dbf-9cf3-6e85cd9a714f,9bdd5bb1-0e8f-4e08-b95d-6e7acad63c83,10e73e63-20f6-49eb-8d4b-9cf083a43f35,275b32bb-da2a-4466-a325-019af89f21cb,2025-06-14,1,50.71,50.71,
04679d93-6c3c-4c5d-a86d-f8261a1d8bfd,da59e789-1456-4166-8294-f862e5bd29b9,fabad200-157c-4463-8c1c-a618b99e59cf,5c17a8f4-a89e-4249-b14e-010278962d40,2025-06-24,5,263.54,,CREDIT_CARD
11c1b54d-7333-4a4a-b490-d138543cde90,9d6ff2d6-c2e4-4bc3-ab73-e8ce4bf68f66,a1f04893-fc09-4e3f-be25-b10a7ba69952,86fafee1-799a-4d73-ad3e-c949284a5246,2024-10-10,,126.2,,
d7b667f9-9b79-4566-9e93-ba24a9086492,f6d21f6d-9735-4b76-929d-f4817cdbc416,9ff3ff17-ace6-4f47-a4da-bb495f508a3b,e5dab380-cad5-41d5-b869-511fe2d057eb,2025-01-17,-2,96.29,287.36,Cash
91e8c38c-74b4-48ca-88b0-a9a79f47a40d,ef9028f8-0443-4f20-a432-b3f72a4caabf,63c97ee3-7fa6-471d-9819-0ac779045b9c,4c9db171-7173-4b17-b1b4-edf5136631e7,2024-12-30,2,,,Cash
fe01db3f-d0f3-449e-aaf1-ac60068a9017,00a42b1c-967c-45ae-a906-055fd80543e9,1358fcdb-7c5b-413e-b2c1-72033420bdc8,ecd0c039-8652-41c1-bf3f-58bb34af0515,2024-08-27,1,262.86,262.86,Credit Card
ef1b6a60-8f8b-4487-98be-33258f7792f1,39b23925-8f87-4738-92f9-aaa2d45cf3aa,f0c24ba3-6ab1-48fd-9ba5-f5e5d7bd481c,d81e02c8-cc01-499b-b0ca-68e0a457fb95,2025-03-28,4,137.55,550.2,Cash
f3e29699-ee39-4cec-97ca-2b5cca4bcacc,419801cf-ae78-4552-b63f-54cb04fc887b,6821596b-797d-40b4-bbe7-aa3423d2bff0,86fafee1-799a-4d73-ad3e-c949284a5246,2024-07-25,,121.95,,Credit Card
d83265ba-f04d-40a0-a4e0-d7302101180f,c6691fcb-8cfc-4e10-9c65-8b9f0ca17d46,0a26577c-2196-4e4b-9429-a5bf9708c55d,,2025-01-03,2,215.84,431.68,CREDIT_CARD
2036804b-56f7-468e-af89-a0a4a4446663,39b23925-8f87-4738-92f9-aaa2d45cf3aa,8eb5e1d6-70d9-4084-85f0-b0db6c7631ec,ecd0c039-8652-41c1-bf3f-58bb34af0515,2024-12-27,1,137.34,137.34,
cbdad0a3-372b-4cb3-80d4-21be68ad8908,08ef5dfe-3608-458b-86e0-fbd5aaf5b467,64cd48bd-6c17-49d7-a945-de3f567444a2,c02baea7-34ac-4cb0-b3e1-b0916a8c9ebf,2024-07-14,1,233.97,233.97,
e313eeae-e360-4e3d-9d4f-f97a7a0cf52b,350a7064-2418-4618-b8a5-16f7b22918a2,62384ab0-c8e0-4251-8e6d-a3c5d4421564,,2024-09-02,1,272.02,272.02,Cash
feae8a6d-b987-4870-a6e3-31188d55c95c,dcf0fa3e-7ba6-45ee-91fb-dbab0c7c4c56,93243c1a-598a-4851-a724-ed50efca74ba,5caa3acb-07e8-4825-8eb6-ebdd65ff29bb,2024-08-23,2,109.08,,
0dd013d6-c009-4f6f-9e05-42f223c53905,66a182e0-5902-4c1b-99eb-d12f4a92e2ae,8b56b1f9-1443-43dc-9bdb-9ce5b57a2e74,,2025-01-02,0,296.56,0.0,Cash
1630330a-85f6-4a7d-bed6-22b51f08579c,a75d5d74-b6b5-4c4a-af43-d477d447df92,8767ed17-3a76-4325-9291-de1b2a3faeeb,5c17a8f4-a89e-4249-b14e-010278962d40,2024-08-30,1,76.13,76.13,Credit Card
ef3f91d8-7e01-4791-8dc9-ccfa8d5e6705,73f6cce6-ee21-4cd6-904d-5f265649b133,9ff3ff17-ace6-4f47-a4da-bb495f508a3b,5c17a8f4-a89e-4249-b14e-010278962d40,2024-08-02,,244.99,,CREDIT_CARD
f92306a4-e639-424f-88b1-0a8d9c53c040,c4b523fb-6b38-475e-bb85-459b67cf6b15,af408539-473e-47b0-8da5-feca1d886d22,c02baea7-34ac-4cb0-b3e1-b0916a8c9ebf,,1,,,CREDIT_CARD
22874e3b-cf03-4239-b830-783adcb57223,09fbc74c-6dbe-40da-b435-2535a1f8c48d,5964fb7a-3a51-41de-81ed-64a1af35fb0d,d81e02c8-cc01-499b-b0ca-68e0a457fb95,,5,,,CREDIT_CARD
caa35fba-3fec-4fcf-bd45-58feb686c83b,a632d55a-f192-4027-9fb5-501c911fb001,ed0c0eef-8292-4cc5-bfd0-fd6cd238de81,,2025-03-22,3,0.0,0.0,
235bce15-3281-4aef-ae33-df83c881439f,93d948d9-ac67-4c11-8512-37d1a20622cb,a1f04893-fc09-4e3f-be25-b10a7ba69952,c972cfe7-7ead-4806-a953-c9961dcabbd6,2024-09-02,4,105.02,420.08,Credit Card
8a5d56d4-7db6-4e7c-887a-49467ff3a725,aa4b4405-83f0-4d66-98f5-7ff4c3d40874,64cd48bd-6c17-49d7-a945-de3f567444a2,c02baea7-34ac-4cb0-b3e1-b0916a8c9ebf,2025-01-09,2,,,Credit Card
57ea0f86-b89c-4021-98cb-c2ebfdb64584,8392e6f2-fb05-439f-a11d-309420784be6,fabad200-157c-4463-8c1c-a618b99e59cf,d81e02c8-cc01-499b-b0ca-68e0a457fb95,2025-02-10,4,95.42,381.68,Cash
dfeca8b5-ba66-44f2-a5b0-2dd0c258636d,71fe5dcf-50ce-4e59-bc94-7db7febed7df,64cd48bd-6c17-49d7-a945-de3f567444a2,d81e02c8-cc01-499b-b0ca-68e0a457fb95,2025-07-21,1,193.64,193.64,CREDIT_CARD
ff00d557-dff7-4622-af7c-ac1670272908,419801cf-ae78-4552-b63f-54cb04fc887b,90afff65-6499-4339-8f0c-dd2903d04e98,,2024-12-22,1,184.23,184.23,Cash
68862de8-0272-4450-9761-c57e0df04c0e,5ea0a41e-29c9-4a08-9c3a-4d85eba3263f,81a5453f-2802-4917-800d-b55b9c373f8d,86fafee1-799a-4d73-ad3e-c949284a5246,2024-10-19,3,183.5,550.5,
f41b9c45-622d-44d8-8636-118e4bff858f,e42f28cf-11ca-49a9-8ec4-28d973247d44,62c8dd35-6536-47b9-9936-e659a127f3e7,5c17a8f4-a89e-4249-b14e-010278962d40,2025-07-11,1,196.62,457.2,Cash
eda2d57d-bc4a-404b-a6ce-6acfb2117b85,ea41bd81-9bce-41de-bada-121187c7a61b,a1f04893-fc09-4e3f-be25-b10a7ba69952,e5dab380-cad5-41d5-b869-511fe2d057eb,2025-01-13,4,298.93,1117.44,Credit Card
509edf63-3356-4c45-8a69-a5037f36262c,c4b523fb-6b38-475e-bb85-459b67cf6b15,7ab34a8e-f117-476f-9569-be4248c67637,,2025-07-11,1,296.04,296.04,CREDIT_CARD
fb4f826c-a6c3-481d-abaf-5499bc38b362,e109c0f4-56d6-4d1a-bfe0-b56137fdd173,8eb5e1d6-70d9-4084-85f0-b0db6c7631ec,fb8faf8a-33f8-4cbb-9a91-1f1290e7a88e,2025-05-21,5,193.12,965.6,CREDIT_CARD
ea2ee320-c46c-4f7a-a89e-05920cfe8b23,4baf4d56-d33b-4921-9b92-7e419501cc4f,b9b70188-006b-4ac4-ba1b-73f4b18e6774,86fafee1-799a-4d73-ad3e-c949284a5246,2024-12-03,4,111.46,445.84,Credit Card
3c62599d-7a91-48db-a38f-61783cad0111,350a7064-2418-4618-b8a5-16f7b22918a2,646b664a-ef11-4521-9076-49053795ddeb,c972cfe7-7ead-4806-a953-c9961dcabbd6,2024-09-20,5,299.88,1499.4,CREDIT_CARD
f14aa758-ff2d-4ea3-940d-f49e54a4c0d7,c6691fcb-8cfc-4e10-9c65-8b9f0ca17d46,1358fcdb-7c5b-413e-b2c1-72033420bdc8,c02baea7-34ac-4cb0-b3e1-b0916a8c9ebf,2024-09-22,3,137.74,413.22,
950b5077-b203-4c76-aea9-4e364a8fecdc,5c8b6ab4-bba1-4664-bf4a-d85db72a989a,1009986f-78d7-4d5a-9a14-41fa12c032cf,275b32bb-da2a-4466-a325-019af89f21cb,2025-06-08,1,-10.0,-10.0,CREDIT_CARD
16456c2c-338c-49c4-a0ee-bb0439d0d349,8392e6f2-fb05-439f-a11d-309420784be6,8eb5e1d6-70d9-4084-85f0-b0db6c7631ec,e5dab380-cad5-41d5-b869-511fe2d057eb,2025-04-10,3,,,
df9417e2-1852-4711-a014-c7a1bae1a2cf,1541da5e-b9db-4e69-9569-a73016d63e32,af408539-473e-47b0-8da5-feca1d886d22,47cabd91-cfc0-4f8e-ad8f-f9261cb441c0,2025-06-03,5,94.33,471.65,CREDIT_CARD
ca4dd8d6-b0c8-440b-a861-58f08f53495f,d76ccf48-6eca-40f1-b0a2-1bd6756417f3,a5f6cbcb-a13b-467d-a703-c222e376d39f,fb8faf8a-33f8-4cbb-9a91-1f1290e7a88e,2025-05-24,5,271.09,1355.45,
59f3fa53-1434-4318-8f70-6785b7988ab9,812bb824-849c-4d7c-b23d-d9e40f93d2b3,1358fcdb-7c5b-413e-b2c1-72033420bdc8,e5dab380-cad5-41d5-b869-511fe2d057eb,2025-07-06,1,231.25,231.25,Cash
1fda92c8-20f2-444a-9ca2-fd41bc92b2b6,82623ab8-0df8-4e80-a5b6-9bb389086724,874408bb-eabe-40c3-8f81-a1fee9898c70,,2024-08-20,4,243.17,969.62,
9993e52d-834b-41d4-8642-ae3781391b2c,df7ce6a9-015c-4cbc-af95-5c7ddc2378c1,5964fb7a-3a51-41de-81ed-64a1af35fb0d,,2024-09-23,,216.92,,Cash
c55d1e20-e0bd-4862-bb62-c1b0c5c3dd11,0bd758e0-b5c9-42ff-8a81-18ffe12d89c2,2b78063c-aef7-4194-8488-df55dc2860cc,c02baea7-34ac-4cb0-b3e1-b0916a8c9ebf,2024-08-25,3,99.14,323.91,
412232a7-0383-414b-8ce7-9e9ab7a9b099,5c187fc0-85c6-491a-a29d-d80fbe805fe4,f0c24ba3-6ab1-48fd-9ba5-f5e5d7bd481c,,2025-05-17,3,101.59,,Cash
32bfa9ce-28b0-40c2-ad3b-cbbc80bcf883,2f4a84f4-5216-47a5-8436-e20333631f86,49c992d0-2a96-4a52-bbe2-875050499d95,c02baea7-34ac-4cb0-b3e1-b0916a8c9ebf,2025-03-29,2,283.84,567.68,
bdd03cae-c9db-4e9b-b7ab-b956d19a62db,d3200a80-a42f-43fd-8580-fcae85f0245f,1358fcdb-7c5b-413e-b2c1-72033420bdc8,47cabd91-cfc0-4f8e-ad8f-f9261cb441c0,2024-10-01,1,143.82,143.82,
968f89b5-9f88-41ca-915d-530ee7135809,e42f28cf-11ca-49a9-8ec4-28d973247d44,6d8ed146-7f26-4724-bafe-9fb65c0f0dc7,c972cfe7-7ead-4806-a953-c9961dcabbd6,2025-01-18,3,20.09,383.38,
50a05517-2bb8-428a-bade-e41f5079b9ee,bab41252-9e70-4684-9343-e8ded221d5f6,a5f6cbcb-a13b-467d-a703-c222e376d39f,c02baea7-34ac-4cb0-b3e1-b0916a8c9ebf,2024-12-04,3,42.96,128.88,CREDIT_CARD
68466289-195b-41a1-9b48-6145c7dda989,11d4f2d1-27ce-45fe-89f6-0c6d7e3878fa,6715f0a9-a545-4f55-9d52-2027404e0551,4c9db171-7173-4b17-b1b4-edf5136631e7,2024-12-03,1,123.41,123.41,
2a72535d-164d-4fdf-b9f1-1c53cc94fff7,9e3cb004-b5b7-4397-ab88-f782f57918cc,6715f0a9-a545-4f55-9d52-2027404e0551,4c9db171-7173-4b17-b1b4-edf5136631e7,2025-06-22,3,,,Cash
0b62e5ff-6910-49bc-98f4-a363d3734f85,ce60843f-adcc-475a-b3b6-4bbaa7cefd3a,e0175d57-7da3-4c99-8090-be40257bace3,4c9db171-7173-4b17-b1b4-edf5136631e7,2024-10-25,5,249.35,1246.75,Credit Card
41905d35-cafb-4c87-82a9-325326ee8571,79587b0c-e1af-4f0c-9118-8f1b0af25e5a,36eec5d0-0761-4bb0-97f8-3aaf1014ce0f,d81e02c8-cc01-499b-b0ca-68e0a457fb95,2025-06-01,1,240.04,240.04,
6608ba5a-372d-4912-99d3-d75d1d8f86c6,270efa16-c76f-4c3d-8465-e0af219cd9a2,10e73e63-20f6-49eb-8d4b-9cf083a43f35,fb8faf8a-33f8-4cbb-9a91-1f1290e7a88e,2024-11-28,5,20.15,100.75,CREDIT_CARD
52a3ee55-5421-4e33-b52c-b8fd2c00391c,,7ab34a8e-f117-476f-9569-be4248c67637,e5dab380-cad5-41d5-b869-511fe2d057eb,2025-02-10,1,,,
fcd9f094-c264-48f7-9804-01d158c2502a,9e3cb004-b5b7-4397-ab88-f782f57918cc,6821596b-797d-40b4-bbe7-aa3423d2bff0,fb8faf8a-33f8-4cbb-9a91-1f1290e7a88e,2025-07-03,-2,65.15,-130.3,Credit Card
933d3306-c02a-4c8a-84fd-78e579b66a20,ea41bd81-9bce-41de-bada-121187c7a61b,af408539-473e-47b0-8da5-feca1d886d22,4c9db171-7173-4b17-b1b4-edf5136631e7,2025-01-19,4,66.17,264.68,
a10d7577-b44f-40ad-8196-44262900ec59,920cf7a4-d807-4470-9f0c-843b26a87626,9ff3ff17-ace6-4f47-a4da-bb495f508a3b,5c17a8f4-a89e-4249-b14e-010278962d40,2024-09-05,3,0.0,0.0,Cash
2e6a0bcb-58c7-4cde-86c9-b8e045c9fd5b,adf976c2-31c7-40bb-a10a-4b09f2e5092b,33ca6219-7102-471b-bf9b-5e6bba8c5b31,fb8faf8a-33f8-4cbb-9a91-1f1290e7a88e,2025-06-18,3,66.15,198.45,Cash
883d8043-a218-4889-baca-44bf86e0590d,a632d55a-f192-4027-9fb5-501c911fb001,62384ab0-c8e0-4251-8e6d-a3c5d4421564,5caa3acb-07e8-4825-8eb6-ebdd65ff29bb,2024-09-23,4,204.6,818.4,Cash
0d15dd58-3323-4cf3-95dd-f9ff5b7924e1,09fbc74c-6dbe-40da-b435-2535a1f8c48d,33ca6219-7102-471b-bf9b-5e6bba8c5b31,fb8faf8a-33f8-4cbb-9a91-1f1290e7a88e,2024-08-17,3,-10.0,-30.0,Cash
f8d1628e-2210-4188-a47b-7fc33df5e60a,db1b67b8-0a4d-451e-b206-39b8983fa783,31ef6954-f381-4a13-87c3-e896dc177af5,d81e02c8-cc01-499b-b0ca-68e0a457fb95,2024-07-20,5,45.5,,CREDIT_CARD
e5bf73a7-e88f-4101-a286-dc21ff094d0a,00a42b1c-967c-45ae-a906-055fd80543e9,0a26577c-2196-4e4b-9429-a5bf9708c55d,c972cfe7-7ead-4806-a953-c9961dcabbd6,2024-09-19,2,102.44,204.88,
d1610f14-6d5e-4b00-a270-9f1cb69c8937,194724c2-fb70-4509-8390-90b756dc90dc,c9ca0f4a-de75-4595-9bc3-885184f46822,ecd0c039-8652-41c1-bf3f-58bb34af0515,2025-01-08,3,196.91,590.73,Credit Card
ef39aebd-4d7d-42cb-bb6b-6bf498266c52,194724c2-fb70-4509-8390-90b756dc90dc,81a5453f-2802-4917-800d-b55b9c373f8d,e5dab380-cad5-41d5-b869-511fe2d057eb,2024-11-15,-2,162.87,,Credit Card
8e2ff06f-bea1-43c2-8e00-88f5349919e0,3a43cce4-b236-4f79-ab58-68741869ebc8,,ecd0c039-8652-41c1-bf3f-58bb34af0515,2025-05-20,0,59.96,58.11,Cash
26dc7fb1-d68f-4a04-96c6-8013ab638d03,15181dc7-b1cb-44a7-9093-31107bd7ffaf,1358fcdb-7c5b-413e-b2c1-72033420bdc8,4c9db171-7173-4b17-b1b4-edf5136631e7,2025-07-21,0,0.0,0.0,Credit Card
0d1f42df-45ed-4c38-97c9-63374d38d3a1,38671f4a-27bf-4abe-ba03-d7c0ad95105f,f0c24ba3-6ab1-48fd-9ba5-f5e5d7bd481c,fb8faf8a-33f8-4cbb-9a91-1f1290e7a88e,2025-07-17,2,140.38,280.76,CREDIT_CARD
d7e32263-5e8b-41c7-b815-33a1ef1a9c25,7b34abb0-002a-43f4-920b-98931253f97e,a5f6cbcb-a13b-467d-a703-c222e376d39f,,2024-12-22,4,193.42,96.47,Cash
08890584-7f72-4317-882e-68e434314173,5c187fc0-85c6-491a-a29d-d80fbe805fe4,93243c1a-598a-4851-a724-ed50efca74ba,d81e02c8-cc01-499b-b0ca-68e0a457fb95,2025-05-16,,118.15,,
39a13930-5d2f-49ba-b5fc-42f14449bb59,feb5ceb7-39da-4ae8-a25e-cc161e790bcc,c6b3070d-cb83-4d38-9466-3871415ccfbd,47cabd91-cfc0-4f8e-ad8f-f9261cb441c0,2024-08-23,1,111.07,461.94,Cash
0b0210a0-d8ca-46db-9ceb-488f78ad52a4,80f3b449-a80e-4301-a532-d4754f18983e,62384ab0-c8e0-4251-8e6d-a3c5d4421564,47cabd91-cfc0-4f8e-ad8f-f9261cb441c0,2024-11-13,5,275.26,1376.3,
99d93f72-03f1-41e6-8cdb-5db4bb32d298,93d948d9-ac67-4c11-8512-37d1a20622cb,6715f0a9-a545-4f55-9d52-2027404e0551,5c17a8f4-a89e-4249-b14e-010278962d40,2025-04-29,4,127.67,510.68,CREDIT_CARD
62d5c0dd-6198-4679-b188-34836a0c6217,bab41252-9e70-4684-9343-e8ded221d5f6,9248a44d-3def-46a8-b132-875c19c20dfc,5caa3acb-07e8-4825-8eb6-ebdd65ff29bb,2024-07-10,4,262.57,1050.28,Credit Card
eb226a9c-96ae-4947-a543-e77d329d8247,c2e689c4-fad4-46a2-8655-724864172932,2b78063c-aef7-4194-8488-df55dc2860cc,4c9db171-7173-4b17-b1b4-edf5136631e7,2025-05-08,2,64.64,129.28,CREDIT_CARD
01d6ba26-a8e7-4f23-a89e-7df50ac16eef,e109c0f4-56d6-4d1a-bfe0-b56137fdd173,36eec5d0-0761-4bb0-97f8-3aaf1014ce0f,ecd0c039-8652-41c1-bf3f-58bb34af0515,2025-01-30,1,31.83,31.83,Credit Card
5b3fc0b1-0146-4d99-a58b-937f27f8e85b,db1b67b8-0a4d-451e-b206-39b8983fa783,a714e30f-fc64-404b-afa2-9996d389ccb7,47cabd91-cfc0-4f8e-ad8f-f9261cb441c0,2025-06-27,4,243.04,889.14,Credit Card
d46db0a3-226f-4643-9655-f07dd86a06b1,66a182e0-5902-4c1b-99eb-d12f4a92e2ae,ecc7de53-d69c-47e9-8054-87458e5a40cd,c02baea7-34ac-4cb0-b3e1-b0916a8c9ebf,2025-02-15,3,295.91,887.73,
940fbd38-3230-4a82-8ecf-27520607f8f7,0bfeb5c8-49df-4347-bf2f-70130ec62d10,63c97ee3-7fa6-471d-9819-0ac779045b9c,ecd0c039-8652-41c1-bf3f-58bb34af0515,2025-06-02,4,-10.0,-40.0,CREDIT_CARD
fe908f47-c298-488e-a47e-6193f5cbc163,194724c2-fb70-4509-8390-90b756dc90dc,ed0c0eef-8292-4cc5-bfd0-fd6cd238de81,c02baea7-34ac-4cb0-b3e1-b0916a8c9ebf,2025-07-22,5,57.65,288.25,Credit Card
751c239e-5d34-4b03-8123-9d764af501f6,55f011dd-f44a-4ac1-b396-b4cd5c184302,a714e30f-fc64-404b-afa2-9996d389ccb7,47cabd91-cfc0-4f8e-ad8f-f9261cb441c0,2024-11-06,4,217.13,868.52,Cash
3575509b-392d-4c8d-9379-68d0fc122914,9bdd5bb1-0e8f-4e08-b95d-6e7acad63c83,e8004c92-7049-4ab9-9b69-1d4c5f798385,,2024-12-03,4,38.29,153.16,CREDIT_CARD
6c7fcfc2-28d2-4a1d-87b5-440aa6be064a,9428f031-b2e3-44ed-9b2b-2fedc103a17b,8767ed17-3a76-4325-9291-de1b2a3faeeb,c02baea7-34ac-4cb0-b3e1-b0916a8c9ebf,2025-02-24,1,180.21,181.64,Credit Card
a8538a23-0c7b-4cab-b3cc-c6deef8713c2,fc6657e8-a404-4b7b-8c79-6cea837e4586,8b56b1f9-1443-43dc-9bdb-9ce5b57a2e74,d81e02c8-cc01-499b-b0ca-68e0a457fb95,2024-12-25,5,-10.0,-50.0,Cash
ccd5c2aa-d5a9-44c3-8e81-50917f3b88e1,9da32fd9-0f8d-4f96-a5c2-06bfbde55e42,646b664a-ef11-4521-9076-49053795ddeb,275b32bb-da2a-4466-a325-019af89f21cb,2024-08-23,4,295.78,,CREDIT_CARD
ea5b4e62-87d8-4af9-90e4-de8f0a7b0aa8,f4460eda-9439-4d52-828d-ab4f6c379dbf,7ab34a8e-f117-476f-9569-be4248c67637,c972cfe7-7ead-4806-a953-c9961dcabbd6,2024-08-25,,168.98,,
e8d20a09-ac45-4ff7-aeb2-e2d71f1a3a17,c6691fcb-8cfc-4e10-9c65-8b9f0ca17d46,31ef6954-f381-4a13-87c3-e896dc177af5,c972cfe7-7ead-4806-a953-c9961dcabbd6,2025-03-09,2,125.44,250.88,Cash
6feaf200-fb7b-4f97-a75f-535c11f19f6b,ea41bd81-9bce-41de-bada-121187c7a61b,90afff65-6499-4339-8f0c-dd2903d04e98,,2024-08-22,,141.59,,CREDIT_CARD
460afdb7-0d31-4c66-adb1-3eaa89f28443,5ea0a41e-29c9-4a08-9c3a-4d85eba3263f,874408bb-eabe-40c3-8f81-a1fee9898c70,d81e02c8-cc01-499b-b0ca-68e0a457fb95,2024-08-16,4,64.98,99.29,
31750ff1-05c5-4507-8aca-401fbdf4688a,16fe7355-7342-417e-b880-f95fb38ce6fc,6d8ed146-7f26-4724-bafe-9fb65c0f0dc7,,2025-07-14,5,26.47,132.35,Cash
22878327-75b8-4619-b0d2-8f75d88dc30d,55f011dd-f44a-4ac1-b396-b4cd5c184302,93243c1a-598a-4851-a724-ed50efca74ba,e5dab380-cad5-41d5-b869-511fe2d057eb,2025-08-03,1,,,CREDIT_CARD
767e35d3-88bd-4369-962d-75ca0aab1b78,0fd7db70-4e37-4421-ba17-9fad3b25c23e,6715f0a9-a545-4f55-9d52-2027404e0551,fb8faf8a-33f8-4cbb-9a91-1f1290e7a88e,2024-11-08,5,-10.0,-50.0,Cash
fb59f3d3-a77b-462c-8b48-edce19d54d08,dd1ebb20-fed0-4caa-bf15-33c4098d883c,c6b3070d-cb83-4d38-9466-3871415ccfbd,5c17a8f4-a89e-4249-b14e-010278962d40,2024-08-22,1,156.28,156.28,Cash
4f87f502-9edc-40d1-843c-021b06b326c4,9428f031-b2e3-44ed-9b2b-2fedc103a17b,4253c2ff-75aa-4e50-9d32-8b95d61cce58,5c17a8f4-a89e-4249-b14e-010278962d40,2025-08-07,2,127.11,294.1,Cash
87263f79-ec4e-441e-b67f-a47ca8884334,9e3cb004-b5b7-4397-ab88-f782f57918cc,3c1dc979-7cb1-40e1-80bf-fa430c63db67,5c17a8f4-a89e-4249-b14e-010278962d40,2024-09-09,2,72.86,145.72,Cash
974dabd3-61a7-4b6e-981d-2bee1eb21e18,39b23925-8f87-4738-92f9-aaa2d45cf3aa,b9b70188-006b-4ac4-ba1b-73f4b18e6774,fb8faf8a-33f8-4cbb-9a91-1f1290e7a88e,2024-11-30,2,194.3,388.6,
b3dbefc2-a564-4f47-915d-0462080602ee,52839bda-251a-4e03-bbe6-6d8f225920f7,5227609d-66df-428b-b516-6f02c7fab87a,4c9db171-7173-4b17-b1b4-edf5136631e7,2024-08-31,5,,,Credit Card
254cd2d9-135f-453d-ac22-a0cf4d83298b,39b23925-8f87-4738-92f9-aaa2d45cf3aa,93243c1a-598a-4851-a724-ed50efca74ba,c972cfe7-7ead-4806-a953-c9961dcabbd6,2024-08-30,1,45.56,189.73,
5e01f6d1-0240-4b56-bbd5-e5a464079427,82623ab8-0df8-4e80-a5b6-9bb389086724,fabad200-157c-4463-8c1c-a618b99e59cf,ecd0c039-8652-41c1-bf3f-58bb34af0515,2025-01-07,4,9.64,38.56,Cash
e5ced181-806d-4889-b3c1-5fff474b267d,86e561e3-0306-44ab-8674-fece79f7072f,8b56b1f9-1443-43dc-9bdb-9ce5b57a2e74,,2025-05-18,2,210.87,395.76,Cash
11f6ab02-46d5-4342-b8cd-d3f4ef3d39a7,e62d4199-e596-4ce1-86e5-6f5c4714e037,,c972cfe7-7ead-4806-a953-c9961dcabbd6,2024-10-10,4,,,CREDIT_CARD
b43f8fe7-d0d1-45d9-8c24-2dcf4a573e72,55f011dd-f44a-4ac1-b396-b4cd5c184302,7ab34a8e-f117-476f-9569-be4248c67637,,2025-01-16,1,255.12,255.12,Credit Card
221a697f-67b0-4372-b367-50c474c09ba4,fb421189-d8fe-4e95-ae9f-897b179fc9ab,93243c1a-598a-4851-a724-ed50efca74ba,fb8faf8a-33f8-4cbb-9a91-1f1290e7a88e,2024-08-08,4,55.56,222.24,Credit Card
31275ac9-2f6f-4ead-9135-49a080e0d3ee,08ef5dfe-3608-458b-86e0-fbd5aaf5b467,6d8ed146-7f26-4724-bafe-9fb65c0f0dc7,e5dab380-cad5-41d5-b869-511fe2d057eb,2024-09-10,5,0.0,0.0,
6e55eed5-d40a-4d81-a127-416e19bdd7ae,d76ccf48-6eca-40f1-b0a2-1bd6756417f3,6d8ed146-7f26-4724-bafe-9fb65c0f0dc7,275b32bb-da2a-4466-a325-019af89f21cb,2025-05-30,2,278.99,557.98,
e0a84bdc-c8dd-4b95-9448-52a078ec6b66,80c4b320-7d77-4cb8-a2db-5a0f8079007f,646b664a-ef11-4521-9076-49053795ddeb,275b32bb-da2a-4466-a325-019af89f21cb,2025-03-11,4,171.37,685.48,CREDIT_CARD
1f4b89ae-99c7-41e6-94ec-348fb975359d,4baf4d56-d33b-4921-9b92-7e419501cc4f,31ef6954-f381-4a13-87c3-e896dc177af5,fb8faf8a-33f8-4cbb-9a91-1f1290e7a88e,2025-01-27,3,28.14,84.42,Cash
7fdc154a-b353-4d67-9475-4ef5bd6901d2,16fe7355-7342-417e-b880-f95fb38ce6fc,1009986f-78d7-4d5a-9a14-41fa12c032cf,5caa3acb-07e8-4825-8eb6-ebdd65ff29bb,2024-12-14,3,286.68,860.04,
639eb7f4-236d-4f1a-a1a3-2feff261624e,f6d21f6d-9735-4b76-929d-f4817cdbc416,ed0c0eef-8292-4cc5-bfd0-fd6cd238de81,4c9db171-7173-4b17-b1b4-edf5136631e7,2025-03-10,5,282.64,400.04,Credit Card
83891680-1980-4c95-9c75-383b889b4dd6,e62d4199-e596-4ce1-86e5-6f5c4714e037,90afff65-6499-4339-8f0c-dd2903d04e98,c972cfe7-7ead-4806-a953-c9961dcabbd6,2025-01-10,4,214.94,826.79,Cash
d5ff8bfd-11b7-41d4-9a52-8835f911c3ab,a45b6a9c-fe26-48e4-9a7c-5dbd6222c3e6,af408539-473e-47b0-8da5-feca1d886d22,c02baea7-34ac-4cb0-b3e1-b0916a8c9ebf,2025-01-31,5,60.28,304.67,Cash
a8537238-66e0-49d6-b761-8c6de9a81fdb,5ea0a41e-29c9-4a08-9c3a-4d85eba3263f,93243c1a-598a-4851-a724-ed50efca74ba,d81e02c8-cc01-499b-b0ca-68e0a457fb95,2025-05-12,-2,127.07,-254.14,CREDIT_CARD
15328c08-e1ae-4d9e-b5ee-af5f34b88e3c,bab41252-9e70-4684-9343-e8ded221d5f6,63c97ee3-7fa6-471d-9819-0ac779045b9c,275b32bb-da2a-4466-a325-019af89f21cb,2024-10-18,4,45.96,176.48,Cash
ccb50d2e-94f8-4537-9fc4-e28b3c588d3d,82607b47-c0c9-4a13-a3d1-abc82bb512c4,874408bb-eabe-40c3-8f81-a1fee9898c70,fb8faf8a-33f8-4cbb-9a91-1f1290e7a88e,2025-02-27,2,189.38,370.86,
47708e7d-ad4e-46db-8261-f085fdbf80ad,e3aab66f-252c-4700-8f7e-0be847a33ae4,e0175d57-7da3-4c99-8090-be40257bace3,ecd0c039-8652-41c1-bf3f-58bb34af0515,2025-06-29,5,103.75,518.75,CREDIT_CARD
dba629f4-0db4-450f-8145-e3fae7308e3e,82623ab8-0df8-4e80-a5b6-9bb389086724,5964fb7a-3a51-41de-81ed-64a1af35fb0d,275b32bb-da2a-4466-a325-019af89f21cb,2025-03-11,3,,,
915e7ceb-ea49-4848-8442-554dd74dbb9f,a75d5d74-b6b5-4c4a-af43-d477d447df92,874408bb-eabe-40c3-8f81-a1fee9898c70,5c17a8f4-a89e-4249-b14e-010278962d40,2024-09-03,4,115.94,463.76,
8ca29296-cfae-45e3-9279-d6be2c0468d0,5c8b6ab4-bba1-4664-bf4a-d85db72a989a,7ab34a8e-f117-476f-9569-be4248c67637,,2024-07-16,,,,Cash
b421019c-2f11-4418-8807-227cc804eb43,,31ef6954-f381-4a13-87c3-e896dc177af5,c02baea7-34ac-4cb0-b3e1-b0916a8c9ebf,2025-06-29,4,246.59,937.57,
30eeb54f-c7b8-41a0-a111-e6305dbc4e5c,4baf4d56-d33b-4921-9b92-7e419501cc4f,63c97ee3-7fa6-471d-9819-0ac779045b9c,c02baea7-34ac-4cb0-b3e1-b0916a8c9ebf,2024-09-24,5,137.47,687.35,
3ecbd9f6-983a-416a-b637-77a89aaa6914,66a182e0-5902-4c1b-99eb-d12f4a92e2ae,6d8ed146-7f26-4724-bafe-9fb65c0f0dc7,,2024-09-03,5,290.69,1453.45,CREDIT_CARD
498b5c0c-5a83-44e3-8842-51390e78ca71,d76ccf48-6eca-40f1-b0a2-1bd6756417f3,fabad200-157c-4463-8c1c-a618b99e59cf,5c17a8f4-a89e-4249-b14e-010278962d40,2024-12-21,,54.07,,
6ee18d3c-7627-43a4-9bbc-5c1aa4e49eb1,3c54ef3a-52b0-444c-8012-5d22ccf0fdab,e0175d57-7da3-4c99-8090-be40257bace3,,2025-08-05,3,131.98,395.94,
61b3ea91-b20c-4905-9b1c-bd40bbe9524e,533f9fef-ee72-47de-a1b9-caff981e5504,a1f04893-fc09-4e3f-be25-b10a7ba69952,5c17a8f4-a89e-4249-b14e-010278962d40,2025-01-30,5,120.38,,Cash
6baccb27-fa0c-4735-a74f-c1b212c950a1,79587b0c-e1af-4f0c-9118-8f1b0af25e5a,ef4aad39-4ecc-4cb8-9231-f6e2576f21d7,c02baea7-34ac-4cb0-b3e1-b0916a8c9ebf,2024-10-19,3,250.24,750.72,
696b93d8-9e21-4afe-8510-72a916bff236,68370574-a77e-4aac-810e-6ab4d4e25b4a,c9ca0f4a-de75-4595-9bc3-885184f46822,c02baea7-34ac-4cb0-b3e1-b0916a8c9ebf,2025-04-06,3,134.26,16.18,Credit Card
f7e3fe6c-4779-4e9a-8c06-dbaaecc82d73,1e9a5a52-8466-45a8-b8da-76cb7e1ce384,,275b32bb-da2a-4466-a325-019af89f21cb,2024-08-31,5,279.33,479.44,
ab4cbcc1-8769-4167-8836-cf8150108dd3,f4460eda-9439-4d52-828d-ab4f6c379dbf,5227609d-66df-428b-b516-6f02c7fab87a,275b32bb-da2a-4466-a325-019af89f21cb,2025-01-14,1,193.94,193.94,
dcc5bff0-8474-4bee-b20d-57c7551f3b79,5ea0a41e-29c9-4a08-9c3a-4d85eba3263f,93243c1a-598a-4851-a724-ed50efca74ba,fb8faf8a-33f8-4cbb-9a91-1f1290e7a88e,2025-04-22,1,68.36,68.36,Cash
2a5ad671-7712-4892-b65d-94c19e530318,8392e6f2-fb05-439f-a11d-309420784be6,3c1dc979-7cb1-40e1-80bf-fa430c63db67,ecd0c039-8652-41c1-bf3f-58bb34af0515,2025-02-15,4,38.62,154.48,
85c9f051-30fc-41d9-8264-987a7dc20b3d,3a43cce4-b236-4f79-ab58-68741869ebc8,36eec5d0-0761-4bb0-97f8-3aaf1014ce0f,c02baea7-34ac-4cb0-b3e1-b0916a8c9ebf,2024-11-08,5,107.64,538.2,
3ab39c0a-b494-44e3-b305-232b84685803,ce60843f-adcc-475a-b3b6-4bbaa7cefd3a,ef4aad39-4ecc-4cb8-9231-f6e2576f21d7,47cabd91-cfc0-4f8e-ad8f-f9261cb441c0,2025-06-14,3,44.51,133.53,
17c995de-5dc6-42be-a926-19c7a4e35337,79587b0c-e1af-4f0c-9118-8f1b0af25e5a,6715f0a9-a545-4f55-9d52-2027404e0551,275b32bb-da2a-4466-a325-019af89f21cb,2025-02-28,4,174.57,698.28,CREDIT_CARD
29e607ef-8153-4374-83ac-fbba92f9353f,db1b67b8-0a4d-451e-b206-39b8983fa783,f0c24ba3-6ab1-48fd-9ba5-f5e5d7bd481c,ecd0c039-8652-41c1-bf3f-58bb34af0515,2024-07-15,4,90.21,360.84,
181bedb8-ac48-400a-8e52-6dcba38bfeeb,fc6657e8-a404-4b7b-8c79-6cea837e4586,3c1dc979-7cb1-40e1-80bf-fa430c63db67,,2025-02-26,4,118.26,473.04,
df57cd5b-bdfb-4405-9286-571d141621c6,52839bda-251a-4e03-bbe6-6d8f225920f7,f0c24ba3-6ab1-48fd-9ba5-f5e5d7bd481c,c02baea7-34ac-4cb0-b3e1-b0916a8c9ebf,2024-09-27,2,171.79,343.58,CREDIT_CARD
c39711a7-3053-4ef7-9b15-85a59de60ebc,ef9028f8-0443-4f20-a432-b3f72a4caabf,a714e30f-fc64-404b-afa2-9996d389ccb7,5caa3acb-07e8-4825-8eb6-ebdd65ff29bb,2024-10-21,5,224.04,1120.2,
5efb1c4a-7c74-4bf4-89b5-01db7f86a5d3,,4253c2ff-75aa-4e50-9d32-8b95d61cce58,4c9db171-7173-4b17-b1b4-edf5136631e7,2025-01-30,4,247.67,990.68,CREDIT_CARD
ccbed4c2-e2f0-4b79-909c-cf5dcf1e71c3,55f011dd-f44a-4ac1-b396-b4cd5c184302,6d8ed146-7f26-4724-bafe-9fb65c0f0dc7,ecd0c039-8652-41c1-bf3f-58bb34af0515,2024-10-06,1,0.0,0.0,CREDIT_CARD
0b550081-14d9-4bb3-9247-aba6e2fba556,9428f031-b2e3-44ed-9b2b-2fedc103a17b,,fb8faf8a-33f8-4cbb-9a91-1f1290e7a88e,2024-09-30,5,178.44,839.85,Credit Card
09c76d6a-c9f0-497f-b46c-50fed030b0bd,e06ba029-bbec-4045-b9e2-24246b29996e,ed0c0eef-8292-4cc5-bfd0-fd6cd238de81,4c9db171-7173-4b17-b1b4-edf5136631e7,2024-11-06,,87.92,,
fd3950bd-6885-430c-86e9-797d3e35cfb4,e62d4199-e596-4ce1-86e5-6f5c4714e037,8b56b1f9-1443-43dc-9bdb-9ce5b57a2e74,47cabd91-cfc0-4f8e-ad8f-f9261cb441c0,2025-02-05,-2,245.48,-490.96,CREDIT_CARD
301deb2e-22c7-4a65-a1f1-39dbc2ab2818,0fd7db70-4e37-4421-ba17-9fad3b25c23e,af408539-473e-47b0-8da5-feca1d886d22,e5dab380-cad5-41d5-b869-511fe2d057eb,2025-02-12,2,48.14,96.28,
b2f4cfe6-4193-490c-83f2-512a846fe037,f4460eda-9439-4d52-828d-ab4f6c379dbf,dbb24b61-6ffe-4078-ab38-7395901ba7ad,47cabd91-cfc0-4f8e-ad8f-f9261cb441c0,2024-12-19,1,127.2,127.2,Cash
c43d6129-d9ae-4bbc-8280-d6c513c986d9,15181dc7-b1cb-44a7-9093-31107bd7ffaf,b9b70188-006b-4ac4-ba1b-73f4b18e6774,5c17a8f4-a89e-4249-b14e-010278962d40,2025-04-01,1,0.0,0.0,Cash
1b8c0b2e-198f-469a-9f29-447dc10bb0a9,350a7064-2418-4618-b8a5-16f7b22918a2,,4c9db171-7173-4b17-b1b4-edf5136631e7,2024-12-14,2,,,Cash
c6afc0b9-3962-416a-9124-aa02154d9fa8,920cf7a4-d807-4470-9f0c-843b26a87626,2b78063c-aef7-4194-8488-df55dc2860cc,5caa3acb-07e8-4825-8eb6-ebdd65ff29bb,,0,0.0,0.0,
bc628368-3ff8-413f-bd52-ec5faffdcb1a,86e561e3-0306-44ab-8674-fece79f7072f,62384ab0-c8e0-4251-8e6d-a3c5d4421564,,2025-01-30,4,51.61,206.44,Cash
9acf55ab-dd7a-4dc9-bbec-4e87fcbcf6b6,b081710d-b888-4367-ba6c-075bfa814b79,dbb24b61-6ffe-4078-ab38-7395901ba7ad,c02baea7-34ac-4cb0-b3e1-b0916a8c9ebf,2025-08-05,3,198.1,594.3,Cash
fdb78295-32f0-4754-b74a-c46cd579fef6,9d6ff2d6-c2e4-4bc3-ab73-e8ce4bf68f66,31ef6954-f381-4a13-87c3-e896dc177af5,,2025-07-23,1,74.07,74.07,CREDIT_CARD
77916746-2b80-4a2c-849d-cdb1b1b6883a,71cbedb6-bfb2-4d0c-9d47-06ffc6f2f7a1,7ab34a8e-f117-476f-9569-be4248c67637,ecd0c039-8652-41c1-bf3f-58bb34af0515,2025-01-20,,7.74,,CREDIT_CARD
9fa59254-64b2-4be0-9650-845186023a74,82623ab8-0df8-4e80-a5b6-9bb389086724,8767ed17-3a76-4325-9291-de1b2a3faeeb,e5dab380-cad5-41d5-b869-511fe2d057eb,2024-08-17,1,118.01,118.01,
2b0ebcd1-cb71-4d66-bf79-cbd657041478,ef9028f8-0443-4f20-a432-b3f72a4caabf,9248a44d-3def-46a8-b132-875c19c20dfc,,2024-09-18,2,,,
fb095910-7dd5-4730-9513-bac6d166ab53,194724c2-fb70-4509-8390-90b756dc90dc,f0c24ba3-6ab1-48fd-9ba5-f5e5d7bd481c,ecd0c039-8652-41c1-bf3f-58bb34af0515,2025-06-03,-2,108.6,-217.2,CREDIT_CARD
15d9ec0f-71c4-4fa2-baec-6ae14a804077,6953ed4e-d1d3-468b-9107-8cb2f7c1c7b4,0a26577c-2196-4e4b-9429-a5bf9708c55d,275b32bb-da2a-4466-a325-019af89f21cb,2025-02-08,4,226.97,907.88,CREDIT_CARD
e886f32e-e50b-454a-92d4-72b96eb4bab3,1541da5e-b9db-4e69-9569-a73016d63e32,1358fcdb-7c5b-413e-b2c1-72033420bdc8,c02baea7-34ac-4cb0-b3e1-b0916a8c9ebf,,5,78.21,391.05,Cash
75dbda46-6cd6-4876-9160-db3d61456c05,9428f031-b2e3-44ed-9b2b-2fedc103a17b,a0d9eb80-6e0d-4af8-a4e8-e616f37addfa,5caa3acb-07e8-4825-8eb6-ebdd65ff29bb,2024-08-12,3,155.31,465.93,CREDIT_CARD
ef0e4385-9a75-44ba-94f5-7686197a9d85,2f4a84f4-5216-47a5-8436-e20333631f86,63c97ee3-7fa6-471d-9819-0ac779045b9c,c02baea7-34ac-4cb0-b3e1-b0916a8c9ebf,2024-07-11,1,76.12,76.12,Cash
f066a37b-870c-47a5-bea7-2fea949d8d83,ac3573de-2ee0-47a3-a46c-0a3d39365412,63c97ee3-7fa6-471d-9819-0ac779045b9c,,2025-03-25,5,252.5,1262.5,Credit Card
d991425b-8d5f-4a64-8363-822d409d537d,86e561e3-0306-44ab-8674-fece79f7072f,36eec5d0-0761-4bb0-97f8-3aaf1014ce0f,c02baea7-34ac-4cb0-b3e1-b0916a8c9ebf,2024-10-18,,9.07,,Cash
1725c6f4-833b-430b-879f-c1671cbd9206,f4460eda-9439-4d52-828d-ab4f6c379dbf,8eb5e1d6-70d9-4084-85f0-b0db6c7631ec,4c9db171-7173-4b17-b1b4-edf5136631e7,2025-01-28,4,231.3,925.2,Cash
6b8f0921-ea2e-4e59-8565-a283b086db62,bb6f750f-472d-455e-98fe-ce4efe112e9a,646b664a-ef11-4521-9076-49053795ddeb,c02baea7-34ac-4cb0-b3e1-b0916a8c9ebf,2024-11-11,2,155.83,311.66,Credit Card
1b037a85-7d69-470c-ad7a-e24cd11f8ede,dd1ebb20-fed0-4caa-bf15-33c4098d883c,31ef6954-f381-4a13-87c3-e896dc177af5,c972cfe7-7ead-4806-a953-c9961dcabbd6,2025-06-17,1,220.34,220.34,
c2a1d538-ca4e-435d-9f2f-56fe2344497a,16fe7355-7342-417e-b880-f95fb38ce6fc,ecc7de53-d69c-47e9-8054-87458e5a40cd,d81e02c8-cc01-499b-b0ca-68e0a457fb95,2025-06-06,2,201.49,402.98,CREDIT_CARD
1edf5211-ded4-4341-b4dc-ca648d7d94aa,2f4a84f4-5216-47a5-8436-e20333631f86,ed0c0eef-8292-4cc5-bfd0-fd6cd238de81,4c9db171-7173-4b17-b1b4-edf5136631e7,2024-07-16,3,157.58,138.04,Credit Card
d58cfe34-4730-4689-9461-e1d82bd79b88,38671f4a-27bf-4abe-ba03-d7c0ad95105f,,c972cfe7-7ead-4806-a953-c9961dcabbd6,2024-10-03,5,85.23,426.15,Credit Card
1f3675e7-6c00-48ce-a0f0-2ad85af4f29c,2f4a84f4-5216-47a5-8436-e20333631f86,81a5453f-2802-4917-800d-b55b9c373f8d,275b32bb-da2a-4466-a325-019af89f21cb,2024-09-05,0,113.47,0.0,
fb01525b-4e3d-4750-a0bf-de84e4238408,cf00525e-aba6-475a-86a6-cd9cb3892c14,6d8ed146-7f26-4724-bafe-9fb65c0f0dc7,,2024-11-01,4,259.56,1038.24,Credit Card
ddbd8594-7afc-438f-95f6-f0d0043c9aa9,92ded563-8092-471d-a7d6-5e473d375ea7,,fb8faf8a-33f8-4cbb-9a91-1f1290e7a88e,2024-08-05,3,223.5,670.5,Credit Card
71326b05-188f-4544-aa61-123d0e0b0315,270efa16-c76f-4c3d-8465-e0af219cd9a2,4253c2ff-75aa-4e50-9d32-8b95d61cce58,c02baea7-34ac-4cb0-b3e1-b0916a8c9ebf,,2,-10.0,-20.0,
899ad28b-c1a4-428d-b171-8cd0db2c5db5,350a7064-2418-4618-b8a5-16f7b22918a2,a714e30f-fc64-404b-afa2-9996d389ccb7,,2025-04-21,3,88.28,264.84,Cash
220b5a0b-389d-434a-b981-6fe4300b50f6,e06ba029-bbec-4045-b9e2-24246b29996e,,d81e02c8-cc01-499b-b0ca-68e0a457fb95,2024-11-01,3,223.17,669.51,CREDIT_CARD
05afaa5e-8117-49bd-985d-e8d874381385,aa4b4405-83f0-4d66-98f5-7ff4c3d40874,9ff3ff17-ace6-4f47-a4da-bb495f508a3b,,2025-06-07,4,239.81,959.24,Credit Card
4e1d659a-883e-4192-b828-ec48582852b1,38671f4a-27bf-4abe-ba03-d7c0ad95105f,93243c1a-598a-4851-a724-ed50efca74ba,,2024-10-15,3,198.9,596.7,
74604b66-f7d3-4fd2-a30d-b2f51f5523b9,c2e689c4-fad4-46a2-8655-724864172932,90afff65-6499-4339-8f0c-dd2903d04e98,fb8faf8a-33f8-4cbb-9a91-1f1290e7a88e,2024-08-10,0,87.55,0.0,Cash
875b4d4f-78eb-460a-91ff-5d7b40f8ac77,15181dc7-b1cb-44a7-9093-31107bd7ffaf,05e362c2-bdba-4e86-ba58-8db43d9fdcff,c02baea7-34ac-4cb0-b3e1-b0916a8c9ebf,2025-03-05,4,176.33,705.32,CREDIT_CARD
467198d5-ab94-4020-bbdf-da76870f30c0,9da32fd9-0f8d-4f96-a5c2-06bfbde55e42,33ca6219-7102-471b-bf9b-5e6bba8c5b31,d81e02c8-cc01-499b-b0ca-68e0a457fb95,2025-04-18,4,-10.0,-40.0,Cash
36024c13-cb44-4dc9-a036-e23d7d6b4bc4,f6d21f6d-9735-4b76-929d-f4817cdbc416,8767ed17-3a76-4325-9291-de1b2a3faeeb,e5dab380-cad5-41d5-b869-511fe2d057eb,2024-08-08,1,45.15,44.31,CREDIT_CARD
f82f913d-bd51-43bf-9b9d-45066eadf24e,1848856b-9647-4731-bff6-443ffaeb0e45,646b664a-ef11-4521-9076-49053795ddeb,ecd0c039-8652-41c1-bf3f-58bb34af0515,2025-04-12,2,83.18,166.36,
2d0378fb-ba03-4541-a06e-141a6d0c198e,09fbc74c-6dbe-40da-b435-2535a1f8c48d,493df26b-04d0-4445-aa4c-653439255f7d,,2024-12-19,,257.69,,Credit Card
d88ccdef-b036-4046-acf6-abc5d0bcf2c8,1e9a5a52-8466-45a8-b8da-76cb7e1ce384,646b664a-ef11-4521-9076-49053795ddeb,d81e02c8-cc01-499b-b0ca-68e0a457fb95,2025-01-18,0,246.93,0.0,Credit Card
5e537661-11f9-4323-9de3-24f3f1be205a,3ad61d29-17ac-4857-8fc7-464b06e3b983,0a26577c-2196-4e4b-9429-a5bf9708c55d,,2024-09-26,1,239.17,239.17,
9dfc40db-c3a6-4f36-b0ef-4a9d13549ea8,0bfeb5c8-49df-4347-bf2f-70130ec62d10,7ab34a8e-f117-476f-9569-be4248c67637,47cabd91-cfc0-4f8e-ad8f-f9261cb441c0,,5,281.58,1407.9,Credit Card
7e84c4b6-b8b4-48da-8289-d968e891c5e3,11d4f2d1-27ce-45fe-89f6-0c6d7e3878fa,1358fcdb-7c5b-413e-b2c1-72033420bdc8,ecd0c039-8652-41c1-bf3f-58bb34af0515,2025-04-09,3,243.74,731.22,
d013683f-2e7e-44ea-9f95-0f726f86f899,e04c5a9d-f151-4ae4-a59d-03886be15dd9,e8004c92-7049-4ab9-9b69-1d4c5f798385,c972cfe7-7ead-4806-a953-c9961dcabbd6,2025-05-20,4,151.36,605.44,Cash
e97d40de-400a-41d0-ad09-bee04e223323,1848856b-9647-4731-bff6-443ffaeb0e45,90afff65-6499-4339-8f0c-dd2903d04e98,86fafee1-799a-4d73-ad3e-c949284a5246,2024-11-06,3,186.16,558.48,Credit Card
7e691b56-110a-45c0-9c4f-38a83a4c6076,1541da5e-b9db-4e69-9569-a73016d63e32,63c97ee3-7fa6-471d-9819-0ac779045b9c,275b32bb-da2a-4466-a325-019af89f21cb,2025-01-08,5,128.67,643.35,Credit Card
80b32109-08ed-4fd8-b6d0-4e218692044b,ff474f31-4f18-47d3-9869-87e3bde370d2,,fb8faf8a-33f8-4cbb-9a91-1f1290e7a88e,2024-11-12,4,110.94,443.76,Cash
10ce8ccd-d395-4a5c-952f-f2684991d743,5c8b6ab4-bba1-4664-bf4a-d85db72a989a,49c992d0-2a96-4a52-bbe2-875050499d95,5c17a8f4-a89e-4249-b14e-010278962d40,2024-11-23,3,181.15,543.45,
fc4cc255-d7d9-4d2e-96a8-18e510f4fcb9,f6d21f6d-9735-4b76-929d-f4817cdbc416,f0c24ba3-6ab1-48fd-9ba5-f5e5d7bd481c,c02baea7-34ac-4cb0-b3e1-b0916a8c9ebf,2025-05-25,5,78.12,390.6,CREDIT_CARD
a035b560-b9b6-4e83-aeb0-ceaa01dbab71,270efa16-c76f-4c3d-8465-e0af219cd9a2,,c972cfe7-7ead-4806-a953-c9961dcabbd6,2024-07-28,2,109.67,219.34,Cash
909d06ed-6677-400e-a2fa-30dc1c5ee4a4,ce60843f-adcc-475a-b3b6-4bbaa7cefd3a,49c992d0-2a96-4a52-bbe2-875050499d95,fb8faf8a-33f8-4cbb-9a91-1f1290e7a88e,2024-11-25,5,,,
e7dc6fe3-fcf7-4362-a483-bb636c4b941d,66a182e0-5902-4c1b-99eb-d12f4a92e2ae,646b664a-ef11-4521-9076-49053795ddeb,275b32bb-da2a-4466-a325-019af89f21cb,2025-03-24,2,149.68,289.29,CREDIT_CARD
57796b4f-d03a-4f0e-91fc-0af6f2567f2c,920cf7a4-d807-4470-9f0c-843b26a87626,8eb5e1d6-70d9-4084-85f0-b0db6c7631ec,275b32bb-da2a-4466-a325-019af89f21cb,2025-05-24,3,276.04,75.12,
c99a0937-c7e4-4151-994e-ad4de6c57002,e42f28cf-11ca-49a9-8ec4-28d973247d44,8767ed17-3a76-4325-9291-de1b2a3faeeb,5c17a8f4-a89e-4249-b14e-010278962d40,2025-01-17,5,212.84,1064.2,CREDIT_CARD
45823d26-7694-4f5a-bae8-33e7851bf584,aa4b4405-83f0-4d66-98f5-7ff4c3d40874,64cd48bd-6c17-49d7-a945-de3f567444a2,,2025-02-01,3,193.58,580.74,
e2f5f385-c84b-4c1a-a250-16040dd615d6,a75d5d74-b6b5-4c4a-af43-d477d447df92,ed0c0eef-8292-4cc5-bfd0-fd6cd238de81,e5dab380-cad5-41d5-b869-511fe2d057eb,2024-11-09,4,201.33,805.32,Credit Card
08895852-7c14-4f54-b2be-3de96c0184ff,0fd7db70-4e37-4421-ba17-9fad3b25c23e,81a5453f-2802-4917-800d-b55b9c373f8d,c972cfe7-7ead-4806-a953-c9961dcabbd6,2024-09-30,5,255.97,1279.85,
e72e4bc9-e6d7-4b8a-bbdb-ea338e555060,533f9fef-ee72-47de-a1b9-caff981e5504,3ee6489e-6d08-405e-a296-4984945dbb62,5caa3acb-07e8-4825-8eb6-ebdd65ff29bb,2025-05-02,3,35.71,107.13,CREDIT_CARD
d587a7b3-a090-4d8f-afb7-32343ee0d542,fb421189-d8fe-4e95-ae9f-897b179fc9ab,ef4aad39-4ecc-4cb8-9231-f6e2576f21d7,,2024-08-08,3,214.14,642.42,Credit Card
d2a8dbf4-fed3-4867-80e9-659444d8978f,68370574-a77e-4aac-810e-6ab4d4e25b4a,c6b3070d-cb83-4d38-9466-3871415ccfbd,,2025-07-09,4,36.87,147.48,
1f4322a8-34b5-4153-823e-804daac4d6ed,2f4a84f4-5216-47a5-8436-e20333631f86,63c97ee3-7fa6-471d-9819-0ac779045b9c,5c17a8f4-a89e-4249-b14e-010278962d40,2024-12-28,4,166.08,664.32,CREDIT_CARD
d62ad227-df54-4b15-8138-78f8db6b05aa,b081710d-b888-4367-ba6c-075bfa814b79,a1f04893-fc09-4e3f-be25-b10a7ba69952,c02baea7-34ac-4cb0-b3e1-b0916a8c9ebf,2024-12-11,1,240.76,240.76,CREDIT_CARD
62d9b987-dd1c-430c-a3f0-33f6c2661d10,ff474f31-4f18-47d3-9869-87e3bde370d2,f0c24ba3-6ab1-48fd-9ba5-f5e5d7bd481c,fb8faf8a-33f8-4cbb-9a91-1f1290e7a88e,2025-07-01,1,,,
7de59787-6d12-4a61-88d8-ebc61dc64c78,ea41bd81-9bce-41de-bada-121187c7a61b,49c992d0-2a96-4a52-bbe2-875050499d95,c972cfe7-7ead-4806-a953-c9961dcabbd6,2025-04-06,4,283.02,1061.89,
d10b408c-596b-4c86-b1c7-2f1b2e3d40d6,812bb824-849c-4d7c-b23d-d9e40f93d2b3,fabad200-157c-4463-8c1c-a618b99e59cf,d81e02c8-cc01-499b-b0ca-68e0a457fb95,2025-03-03,4,92.73,370.92,Cash
8e0acb69-364c-40f1-bc4a-cce5f17f98d5,cf00525e-aba6-475a-86a6-cd9cb3892c14,64cd48bd-6c17-49d7-a945-de3f567444a2,c02baea7-34ac-4cb0-b3e1-b0916a8c9ebf,2025-01-01,5,91.89,472.15,
1b44152e-db50-4e05-a5fc-4259c326a5a3,2c417464-cc62-4555-b3ad-b444a0e1223b,646b664a-ef11-4521-9076-49053795ddeb,,2024-12-29,3,122.25,366.75,
35ccf8f2-d3cd-4fb9-9d9e-0c542e9bb095,0bfeb5c8-49df-4347-bf2f-70130ec62d10,5227609d-66df-428b-b516-6f02c7fab87a,ecd0c039-8652-41c1-bf3f-58bb34af0515,2024-07-27,3,18.16,54.48,Credit Card
79c4d931-5f3a-44da-b09f-f795c1b4f50f,bb6f750f-472d-455e-98fe-ce4efe112e9a,fabad200-157c-4463-8c1c-a618b99e59cf,5c17a8f4-a89e-4249-b14e-010278962d40,2024-12-06,5,243.41,1222.55,
d693d71b-9d14-4fb8-ade0-d0fab77a4ac8,270efa16-c76f-4c3d-8465-e0af219cd9a2,874408bb-eabe-40c3-8f81-a1fee9898c70,ecd0c039-8652-41c1-bf3f-58bb34af0515,2025-05-14,1,93.16,93.16,
a6a16145-41ca-461c-82c3-454498f335fd,df7ce6a9-015c-4cbc-af95-5c7ddc2378c1,62384ab0-c8e0-4251-8e6d-a3c5d4421564,,2025-03-20,,,,CREDIT_CARD
0e8af83f-5186-4e5a-af04-f4f2166bace3,09fbc74c-6dbe-40da-b435-2535a1f8c48d,64cd48bd-6c17-49d7-a945-de3f567444a2,c02baea7-34ac-4cb0-b3e1-b0916a8c9ebf,2025-02-10,2,296.54,593.08,Credit Card
dab2d9ff-39e0-4c7e-93a1-bee7bdabf8ba,6953ed4e-d1d3-468b-9107-8cb2f7c1c7b4,63c97ee3-7fa6-471d-9819-0ac779045b9c,4c9db171-7173-4b17-b1b4-edf5136631e7,,3,122.22,366.66,
596afd8b-1d59-410d-ab0b-c9be879c5531,ce60843f-adcc-475a-b3b6-4bbaa7cefd3a,a0d9eb80-6e0d-4af8-a4e8-e616f37addfa,,2024-08-31,2,128.78,257.56,Credit Card
c0b2c7db-bfcd-4d89-a10f-2a33f251ebd4,a45b6a9c-fe26-48e4-9a7c-5dbd6222c3e6,81a5453f-2802-4917-800d-b55b9c373f8d,,2025-02-10,0,34.79,0.0,
4906e506-1b07-4968-8eeb-958e0b8c1c28,270efa16-c76f-4c3d-8465-e0af219cd9a2,6715f0a9-a545-4f55-9d52-2027404e0551,ecd0c039-8652-41c1-bf3f-58bb34af0515,2025-04-07,2,16.05,32.1,
5cd4aa28-346f-49a3-9ba5-81d98df44ba1,38671f4a-27bf-4abe-ba03-d7c0ad95105f,31ef6954-f381-4a13-87c3-e896dc177af5,e5dab380-cad5-41d5-b869-511fe2d057eb,2025-08-08,0,19.54,,Cash
51f3b13f-a365-4a28-89d5-c9d4730024dd,52839bda-251a-4e03-bbe6-6d8f225920f7,31ef6954-f381-4a13-87c3-e896dc177af5,47cabd91-cfc0-4f8e-ad8f-f9261cb441c0,2025-05-15,2,0.0,0.0,Cash
91db8ae6-a52c-4280-91d4-143b4b2dbffb,e62d4199-e596-4ce1-86e5-6f5c4714e037,e8004c92-7049-4ab9-9b69-1d4c5f798385,c972cfe7-7ead-4806-a953-c9961dcabbd6,2025-03-23,4,183.47,733.88,
b35bd09f-24a8-4cf3-a147-61b40f1ebf67,0bfeb5c8-49df-4347-bf2f-70130ec62d10,ecc7de53-d69c-47e9-8054-87458e5a40cd,4c9db171-7173-4b17-b1b4-edf5136631e7,2024-07-30,5,238.49,1192.45,
bbddc07a-ea2e-48de-8338-bb5fdb3532cc,419801cf-ae78-4552-b63f-54cb04fc887b,5227609d-66df-428b-b516-6f02c7fab87a,e5dab380-cad5-41d5-b869-511fe2d057eb,2024-10-06,1,263.18,263.18,CREDIT_CARD
ad282cae-e75c-4dd8-b9ac-04af650799d4,1541da5e-b9db-4e69-9569-a73016d63e32,4253c2ff-75aa-4e50-9d32-8b95d61cce58,,2025-01-27,1,141.94,141.94,
63fa4ff5-fc60-45ff-b2ae-53e02fd13455,7b34abb0-002a-43f4-920b-98931253f97e,c9ca0f4a-de75-4595-9bc3-885184f46822,5caa3acb-07e8-4825-8eb6-ebdd65ff29bb,2024-11-24,3,167.64,502.92,
574bc0e2-cf6c-4b78-914d-d8356a4342c6,00a42b1c-967c-45ae-a906-055fd80543e9,f0c24ba3-6ab1-48fd-9ba5-f5e5d7bd481c,,2025-01-31,2,,,Cash
f756631c-714e-4e9c-b69a-00ea372c5567,194724c2-fb70-4509-8390-90b756dc90dc,6821596b-797d-40b4-bbe7-aa3423d2bff0,4c9db171-7173-4b17-b1b4-edf5136631e7,2024-08-07,1,10.92,11.58,
5a72bf22-4793-457f-bba5-bb9fe419d3fb,c4b523fb-6b38-475e-bb85-459b67cf6b15,646b664a-ef11-4521-9076-49053795ddeb,fb8faf8a-33f8-4cbb-9a91-1f1290e7a88e,2024-10-01,0,290.27,0.0,CREDIT_CARD
df6cb535-bb7d-44c3-93b9-a11f04b3e9f0,3ad61d29-17ac-4857-8fc7-464b06e3b983,646b664a-ef11-4521-9076-49053795ddeb,47cabd91-cfc0-4f8e-ad8f-f9261cb441c0,2025-06-11,5,158.59,792.95,Cash
acec0c1e-f6a5-4650-8812-b144e125f1bc,db1b67b8-0a4d-451e-b206-39b8983fa783,1358fcdb-7c5b-413e-b2c1-72033420bdc8,5caa3acb-07e8-4825-8eb6-ebdd65ff29bb,2025-04-03,1,184.67,184.67,Cash
e10f21f7-d57f-4bb7-a08a-773efe358fe1,1541da5e-b9db-4e69-9569-a73016d63e32,c6b3070d-cb83-4d38-9466-3871415ccfbd,47cabd91-cfc0-4f8e-ad8f-f9261cb441c0,2025-03-09,3,0.0,0.0,Credit Card
a83df98f-55b9-492f-898f-9b53b9953656,c4b523fb-6b38-475e-bb85-459b67cf6b15,,,2025-06-12,2,182.01,364.02,Cash
7e310fae-b91d-4676-b1ee-8536bca89902,79587b0c-e1af-4f0c-9118-8f1b0af25e5a,62c8dd35-6536-47b9-9936-e659a127f3e7,c972cfe7-7ead-4806-a953-c9961dcabbd6,2024-10-06,5,222.34,1111.7,
bf6d95a5-eca9-4f98-b2c4-83d83937296a,fb421189-d8fe-4e95-ae9f-897b179fc9ab,,ecd0c039-8652-41c1-bf3f-58bb34af0515,2025-05-04,5,272.43,281.33,
9794a8cb-33fd-4cf7-9545-7c797963eb18,ac3573de-2ee0-47a3-a46c-0a3d39365412,05e362c2-bdba-4e86-ba58-8db43d9fdcff,d81e02c8-cc01-499b-b0ca-68e0a457fb95,2024-12-03,,218.93,,Credit Card
4ea5b590-b050-49e0-876b-ef6ebd54b158,533f9fef-ee72-47de-a1b9-caff981e5504,ed0c0eef-8292-4cc5-bfd0-fd6cd238de81,e5dab380-cad5-41d5-b869-511fe2d057eb,2025-01-22,3,224.54,673.62,Credit Card
1d3ff60f-d417-4dcd-aac6-c82c61855702,dbc3210b-1a2d-4005-9ecd-a84a5588c1f0,ecc7de53-d69c-47e9-8054-87458e5a40cd,,2024-08-12,5,192.15,960.75,
7bfd5198-36ef-4aa3-a20f-58261968bbb2,08ef5dfe-3608-458b-86e0-fbd5aaf5b467,646b664a-ef11-4521-9076-49053795ddeb,c972cfe7-7ead-4806-a953-c9961dcabbd6,2025-06-12,,0.0,,
167a4f23-e597-4aad-9ec7-a693dec8b9ac,15181dc7-b1cb-44a7-9093-31107bd7ffaf,90afff65-6499-4339-8f0c-dd2903d04e98,5c17a8f4-a89e-4249-b14e-010278962d40,2024-07-10,1,259.41,259.41,Credit Card
fddb1178-8162-4810-8254-77c951553b8d,cf00525e-aba6-475a-86a6-cd9cb3892c14,a1f04893-fc09-4e3f-be25-b10a7ba69952,d81e02c8-cc01-499b-b0ca-68e0a457fb95,2024-12-09,5,66.77,333.85,Credit Card
ea6f66ee-8d32-4fd4-b046-90fc3ce2543b,ac3573de-2ee0-47a3-a46c-0a3d39365412,a5f6cbcb-a13b-467d-a703-c222e376d39f,c972cfe7-7ead-4806-a953-c9961dcabbd6,,4,191.88,748.04,Cash
ad4c04aa-9c3d-4ea5-b67a-9470ae15bd15,3c54ef3a-52b0-444c-8012-5d22ccf0fdab,a0d9eb80-6e0d-4af8-a4e8-e616f37addfa,e5dab380-cad5-41d5-b869-511fe2d057eb,2025-04-17,2,10.29,20.58,Credit Card
1ad8f7af-29ce-466f-bbba-ba72bfc80f8e,5ea0a41e-29c9-4a08-9c3a-4d85eba3263f,8b56b1f9-1443-43dc-9bdb-9ce5b57a2e74,5caa3acb-07e8-4825-8eb6-ebdd65ff29bb,2025-06-08,1,95.3,95.3,
df068a4e-9101-4049-a3d6-16162675f04e,08ef5dfe-3608-458b-86e0-fbd5aaf5b467,e0175d57-7da3-4c99-8090-be40257bace3,c972cfe7-7ead-4806-a953-c9961dcabbd6,2024-09-01,,,,CREDIT_CARD
cdf1b242-8336-42b2-82d9-493c5e5fe635,47a647eb-02c0-4a41-a1e7-11e1db91164a,,c972cfe7-7ead-4806-a953-c9961dcabbd6,2025-03-22,2,10.64,65.97,Credit Card
b3a299a8-f4c5-45af-ac03-e7fc2d2ff94b,ff474f31-4f18-47d3-9869-87e3bde370d2,3ee6489e-6d08-405e-a296-4984945dbb62,d81e02c8-cc01-499b-b0ca-68e0a457fb95,2025-03-09,,232.52,,Credit Card
b52a0e96-ac13-4dfa-b114-49b2cf901663,00a42b1c-967c-45ae-a906-055fd80543e9,31ef6954-f381-4a13-87c3-e896dc177af5,c02baea7-34ac-4cb0-b3e1-b0916a8c9ebf,2024-10-13,5,127.95,639.75,Credit Card
660d4173-d84c-40c9-bc34-fd969149d11d,55f011dd-f44a-4ac1-b396-b4cd5c184302,6821596b-797d-40b4-bbe7-aa3423d2bff0,47cabd91-cfc0-4f8e-ad8f-f9261cb441c0,2025-02-27,5,34.79,,
f830ef47-721e-41b4-8394-2fb1cad09cb7,4d3198b1-cbde-44e9-a275-b349b5667a97,33ca6219-7102-471b-bf9b-5e6bba8c5b31,c02baea7-34ac-4cb0-b3e1-b0916a8c9ebf,2025-08-06,5,236.5,1182.5,CREDIT_CARD
763f8163-04ac-40f6-ab1e-82cc72c05b9e,73f6cce6-ee21-4cd6-904d-5f265649b133,8eb5e1d6-70d9-4084-85f0-b0db6c7631ec,c972cfe7-7ead-4806-a953-c9961dcabbd6,2025-03-06,-2,92.13,-184.26,CREDIT_CARD
51cb370e-bbb6-4cbc-ab51-1002308a01de,cf00525e-aba6-475a-86a6-cd9cb3892c14,93243c1a-598a-4851-a724-ed50efca74ba,47cabd91-cfc0-4f8e-ad8f-f9261cb441c0,2025-05-22,5,31.26,156.67,Credit Card
1172bc8b-780e-4ae6-91fe-525cec676f76,82607b47-c0c9-4a13-a3d1-abc82bb512c4,1358fcdb-7c5b-413e-b2c1-72033420bdc8,e5dab380-cad5-41d5-b869-511fe2d057eb,2025-03-19,3,,,CREDIT_CARD
6b3e63d8-dd06-4398-a10a-37890fd2b452,09fbc74c-6dbe-40da-b435-2535a1f8c48d,33ca6219-7102-471b-bf9b-5e6bba8c5b31,5c17a8f4-a89e-4249-b14e-010278962d40,,1,241.47,241.47,CREDIT_CARD
75ce9ba1-8926-4278-96c0-b1d3eb30ba19,d76ccf48-6eca-40f1-b0a2-1bd6756417f3,1358fcdb-7c5b-413e-b2c1-72033420bdc8,275b32bb-da2a-4466-a325-019af89f21cb,2025-05-17,5,0.0,0.0,Cash
eca9545d-882c-45de-b19e-4a76919482bb,5c8b6ab4-bba1-4664-bf4a-d85db72a989a,62384ab0-c8e0-4251-8e6d-a3c5d4421564,c972cfe7-7ead-4806-a953-c9961dcabbd6,2025-02-23,4,123.07,492.28,CREDIT_CARD
7ef6ab13-70f7-4139-b7df-c7d51f318846,2c417464-cc62-4555-b3ad-b444a0e1223b,af408539-473e-47b0-8da5-feca1d886d22,fb8faf8a-33f8-4cbb-9a91-1f1290e7a88e,2024-10-15,2,,,
61359835-9880-49af-8e22-5057290da971,e3aab66f-252c-4700-8f7e-0be847a33ae4,81a5453f-2802-4917-800d-b55b9c373f8d,47cabd91-cfc0-4f8e-ad8f-f9261cb441c0,2024-12-05,3,134.26,402.78,CREDIT_CARD
c159fa6b-df2c-40ba-a75c-1fbadbd2b962,82623ab8-0df8-4e80-a5b6-9bb389086724,b9b70188-006b-4ac4-ba1b-73f4b18e6774,c02baea7-34ac-4cb0-b3e1-b0916a8c9ebf,2025-05-31,1,266.84,266.84,
f6e6eb47-b7e9-421d-b1c4-0b414e0e780a,adf976c2-31c7-40bb-a10a-4b09f2e5092b,05e362c2-bdba-4e86-ba58-8db43d9fdcff,5caa3acb-07e8-4825-8eb6-ebdd65ff29bb,2025-04-29,3,218.51,655.53,
c4c0a69f-aa08-4929-b2af-81f8918d7396,d76ccf48-6eca-40f1-b0a2-1bd6756417f3,e8004c92-7049-4ab9-9b69-1d4c5f798385,e5dab380-cad5-41d5-b869-511fe2d057eb,2024-11-21,4,147.17,588.68,
7d496a39-ce8d-499c-b6af-bbd10f6c3f02,00a42b1c-967c-45ae-a906-055fd80543e9,93243c1a-598a-4851-a724-ed50efca74ba,47cabd91-cfc0-4f8e-ad8f-f9261cb441c0,2025-02-27,0,280.64,0.0,
24343033-9952-41f4-92ed-ff9affaada24,8392e6f2-fb05-439f-a11d-309420784be6,874408bb-eabe-40c3-8f81-a1fee9898c70,5c17a8f4-a89e-4249-b14e-010278962d40,2025-05-20,2,291.19,582.38,Credit Card
364093bf-6b6f-4a44-a4ca-1cc0cf3eb6d6,15181dc7-b1cb-44a7-9093-31107bd7ffaf,a1f04893-fc09-4e3f-be25-b10a7ba69952,,2024-07-09,4,174.05,717.56,
a976b7f3-3669-405e-aaa2-38abfbc0c69d,da59e789-1456-4166-8294-f862e5bd29b9,2b78063c-aef7-4194-8488-df55dc2860cc,4c9db171-7173-4b17-b1b4-edf5136631e7,2025-03-02,,5.05,,
b9d844e8-3276-472a-b966-2a17c35915f7,db1b67b8-0a4d-451e-b206-39b8983fa783,493df26b-04d0-4445-aa4c-653439255f7d,47cabd91-cfc0-4f8e-ad8f-f9261cb441c0,2025-02-16,3,,,
2c9705a9-c8bb-437e-b638-8f14fc7ef98e,38671f4a-27bf-4abe-ba03-d7c0ad95105f,2b78063c-aef7-4194-8488-df55dc2860cc,,2024-12-19,3,187.83,114.76,Cash
5b89ea53-00ac-44ed-b36e-0a514e750f09,92ded563-8092-471d-a7d6-5e473d375ea7,a0d9eb80-6e0d-4af8-a4e8-e616f37addfa,5c17a8f4-a89e-4249-b14e-010278962d40,2025-06-07,2,212.12,424.24,
1a29b976-ef4c-49f6-a0a5-445c3b8c66af,a45b6a9c-fe26-48e4-9a7c-5dbd6222c3e6,c6b3070d-cb83-4d38-9466-3871415ccfbd,5caa3acb-07e8-4825-8eb6-ebdd65ff29bb,2025-03-16,4,62.8,251.2,Cash
b2a4c1e2-aacd-4a94-b674-4459f1795db3,a45b6a9c-fe26-48e4-9a7c-5dbd6222c3e6,9248a44d-3def-46a8-b132-875c19c20dfc,c972cfe7-7ead-4806-a953-c9961dcabbd6,2025-07-05,5,18.72,93.6,
0de5140f-a9ef-4a6d-8cfe-5fd57ac75272,b0b56cc6-3b56-4253-a2ae-922da488b06c,af408539-473e-47b0-8da5-feca1d886d22,ecd0c039-8652-41c1-bf3f-58bb34af0515,2025-06-17,,6.28,,
695c9742-23b9-4b11-9115-a68a73b14a12,0bd758e0-b5c9-42ff-8a81-18ffe12d89c2,1009986f-78d7-4d5a-9a14-41fa12c032cf,275b32bb-da2a-4466-a325-019af89f21cb,2025-06-17,2,209.09,418.18,Cash
8c87ace5-98c9-47a7-956e-e21e4dcf2d05,b0b56cc6-3b56-4253-a2ae-922da488b06c,63c97ee3-7fa6-471d-9819-0ac779045b9c,c972cfe7-7ead-4806-a953-c9961dcabbd6,2024-12-21,2,-10.0,-20.0,
5697a12b-3f95-4a6c-9553-0a63483fd1e4,c4b523fb-6b38-475e-bb85-459b67cf6b15,af408539-473e-47b0-8da5-feca1d886d22,275b32bb-da2a-4466-a325-019af89f21cb,2025-07-11,5,126.76,633.8,
3ca9611c-9c12-4021-b115-5b52aec26a06,f4460eda-9439-4d52-828d-ab4f6c379dbf,493df26b-04d0-4445-aa4c-653439255f7d,e5dab380-cad5-41d5-b869-511fe2d057eb,2024-11-17,-2,66.87,487.71,
c6c0f169-7118-45cc-b39a-66b6f58955a8,80f3b449-a80e-4301-a532-d4754f18983e,3ee6489e-6d08-405e-a296-4984945dbb62,5c17a8f4-a89e-4249-b14e-010278962d40,2024-09-12,5,214.55,1072.75,
cdf10d46-e8e6-4528-890f-5f4e1d884a9b,1e9a5a52-8466-45a8-b8da-76cb7e1ce384,05e362c2-bdba-4e86-ba58-8db43d9fdcff,,,4,0.0,0.0,CREDIT_CARD
7959e066-2f58-4727-9424-5532bc62ab55,00a42b1c-967c-45ae-a906-055fd80543e9,fabad200-157c-4463-8c1c-a618b99e59cf,86fafee1-799a-4d73-ad3e-c949284a5246,2025-02-14,,63.97,,CREDIT_CARD
590e5afa-3466-43c8-9ede-e1fbe131aa0c,c2e689c4-fad4-46a2-8655-724864172932,31ef6954-f381-4a13-87c3-e896dc177af5,,2025-03-26,1,92.07,92.07,
8e2d997b-39d7-444e-9015-f9233854b4ea,533f9fef-ee72-47de-a1b9-caff981e5504,05e362c2-bdba-4e86-ba58-8db43d9fdcff,47cabd91-cfc0-4f8e-ad8f-f9261cb441c0,2024-09-19,3,170.57,503.17,Cash
73ed2945-af1d-40a4-895c-cdba24a31b9d,92ded563-8092-471d-a7d6-5e473d375ea7,ecc7de53-d69c-47e9-8054-87458e5a40cd,86fafee1-799a-4d73-ad3e-c949284a5246,2025-01-07,4,224.38,897.52,Cash
c68a4fa1-f30d-4614-8c8c-ab5c5fe94548,3c54ef3a-52b0-444c-8012-5d22ccf0fdab,36eec5d0-0761-4bb0-97f8-3aaf1014ce0f,4c9db171-7173-4b17-b1b4-edf5136631e7,2025-03-07,2,222.84,97.55,
e37c40b7-edb3-43d7-9754-c19e3ff1853c,4d3198b1-cbde-44e9-a275-b349b5667a97,63c97ee3-7fa6-471d-9819-0ac779045b9c,86fafee1-799a-4d73-ad3e-c949284a5246,,2,131.41,262.82,
0ffcb961-ae37-4ce0-9fdb-984e76c50d4f,ea41bd81-9bce-41de-bada-121187c7a61b,90afff65-6499-4339-8f0c-dd2903d04e98,86fafee1-799a-4d73-ad3e-c949284a5246,2024-12-30,1,50.34,50.34,Cash
cf9a888b-9f52-40fd-a0fb-eeb5a8990c65,52839bda-251a-4e03-bbe6-6d8f225920f7,,5caa3acb-07e8-4825-8eb6-ebdd65ff29bb,2024-12-10,3,167.3,501.9,
c6f91c3e-ee3a-4830-9663-58912d725d75,b081710d-b888-4367-ba6c-075bfa814b79,6821596b-797d-40b4-bbe7-aa3423d2bff0,4c9db171-7173-4b17-b1b4-edf5136631e7,2024-10-31,0,163.43,0.0,Cash
aceba8bc-6184-465c-a9d8-fb8edb44725e,d4e36d59-95ba-495a-a7e6-3bc0808ff8bd,9248a44d-3def-46a8-b132-875c19c20dfc,5caa3acb-07e8-4825-8eb6-ebdd65ff29bb,2024-07-27,1,,,CREDIT_CARD
7537e63b-5d75-4281-94c5-acf41f12a3fc,22eb013b-686c-4613-a0fc-b1a70b443dc9,a5f6cbcb-a13b-467d-a703-c222e376d39f,5caa3acb-07e8-4825-8eb6-ebdd65ff29bb,2024-08-13,3,76.93,230.79,Cash
db3f8b62-f179-4b5a-a6c4-7734edda0a7f,66a182e0-5902-4c1b-99eb-d12f4a92e2ae,e8004c92-7049-4ab9-9b69-1d4c5f798385,d81e02c8-cc01-499b-b0ca-68e0a457fb95,2025-01-15,3,12.29,36.87,Cash
39a6eced-b0ac-4d68-807f-026afb326e94,194724c2-fb70-4509-8390-90b756dc90dc,3c1dc979-7cb1-40e1-80bf-fa430c63db67,5c17a8f4-a89e-4249-b14e-010278962d40,2025-07-13,,,,
bc8a4af2-7f5e-415e-9da5-53fdb5825cad,cf00525e-aba6-475a-86a6-cd9cb3892c14,3ee6489e-6d08-405e-a296-4984945dbb62,c02baea7-34ac-4cb0-b3e1-b0916a8c9ebf,2024-09-03,0,67.18,0.0,
181e02a6-ae92-450a-b3f6-57a0ea6cd139,,31ef6954-f381-4a13-87c3-e896dc177af5,fb8faf8a-33f8-4cbb-9a91-1f1290e7a88e,2025-06-27,1,233.69,225.82,Credit Card
136417c9-fbf5-4b23-bf99-7a36145e786a,7b34abb0-002a-43f4-920b-98931253f97e,,d81e02c8-cc01-499b-b0ca-68e0a457fb95,2025-05-26,-2,169.63,-339.26,
8bb03dc9-beb0-409b-af52-83b1678d27f9,e04c5a9d-f151-4ae4-a59d-03886be15dd9,5964fb7a-3a51-41de-81ed-64a1af35fb0d,86fafee1-799a-4d73-ad3e-c949284a5246,2024-12-07,1,119.9,119.9,
26850571-f961-432d-bd62-325e6a204c36,09fbc74c-6dbe-40da-b435-2535a1f8c48d,31ef6954-f381-4a13-87c3-e896dc177af5,,2025-05-03,1,-10.0,-10.0,Cash
d3db02cc-d384-4713-9125-996e5db42afc,39b23925-8f87-4738-92f9-aaa2d45cf3aa,a1f04893-fc09-4e3f-be25-b10a7ba69952,c972cfe7-7ead-4806-a953-c9961dcabbd6,2025-07-27,4,121.56,486.24,
011e26de-0b68-4e60-b27a-46054cad58db,f26b8a1d-bca5-4264-935c-79df13801a76,3ee6489e-6d08-405e-a296-4984945dbb62,275b32bb-da2a-4466-a325-019af89f21cb,,,0.0,,
e8e41e69-f22e-47de-b7c5-7434c0f0f156,df7ce6a9-015c-4cbc-af95-5c7ddc2378c1,62384ab0-c8e0-4251-8e6d-a3c5d4421564,86fafee1-799a-4d73-ad3e-c949284a5246,2025-05-15,5,6.48,33.96,CREDIT_CARD
a9269e2c-f8d9-4ce9-af47-da1251457d1b,f4529151-1a77-4d08-ad60-5d344cd5dba0,1358fcdb-7c5b-413e-b2c1-72033420bdc8,,2025-01-14,2,156.2,312.4,
53505f9e-dae2-4815-9412-d5289e815201,00a42b1c-967c-45ae-a906-055fd80543e9,9248a44d-3def-46a8-b132-875c19c20dfc,4c9db171-7173-4b17-b1b4-edf5136631e7,2024-10-31,3,141.07,423.21,
09fe05c9-b351-45ca-91ee-e1ed00b04821,52839bda-251a-4e03-bbe6-6d8f225920f7,e0175d57-7da3-4c99-8090-be40257bace3,5c17a8f4-a89e-4249-b14e-010278962d40,2024-07-13,1,42.82,42.7,Cash
0efc129b-dde6-49f2-ba54-46f67361321e,80f3b449-a80e-4301-a532-d4754f18983e,36eec5d0-0761-4bb0-97f8-3aaf1014ce0f,275b32bb-da2a-4466-a325-019af89f21cb,2024-09-29,,171.84,,Cash
c3af8e3e-5ae6-465e-97e3-62af28d84d64,5c187fc0-85c6-491a-a29d-d80fbe805fe4,,e5dab380-cad5-41d5-b869-511fe2d057eb,2025-06-04,3,215.1,439.55,Cash
38122d71-b760-47e6-82fc-cddc8bfa33b2,ef9028f8-0443-4f20-a432-b3f72a4caabf,646b664a-ef11-4521-9076-49053795ddeb,ecd0c039-8652-41c1-bf3f-58bb34af0515,2024-12-25,5,167.74,838.7,
5e6fc042-627a-403c-8d4c-4062f81f9b60,11d4f2d1-27ce-45fe-89f6-0c6d7e3878fa,c6b3070d-cb83-4d38-9466-3871415ccfbd,fb8faf8a-33f8-4cbb-9a91-1f1290e7a88e,2024-11-22,0,266.47,0.0,
45d4cacb-d8a0-433d-a340-fbcd9e485591,52a9cd7a-8c27-42ee-906c-9207a4ec1f1c,62c8dd35-6536-47b9-9936-e659a127f3e7,,2025-07-04,5,-10.0,-50.0,CREDIT_CARD
94edfc17-68ef-4ea3-9158-e3d8db7a6fe0,e42f28cf-11ca-49a9-8ec4-28d973247d44,62c8dd35-6536-47b9-9936-e659a127f3e7,e5dab380-cad5-41d5-b869-511fe2d057eb,2024-08-17,3,267.97,803.91,Cash
283ba54b-422d-4bf0-9598-a76aa7903293,b0b56cc6-3b56-4253-a2ae-922da488b06c,93243c1a-598a-4851-a724-ed50efca74ba,47cabd91-cfc0-4f8e-ad8f-f9261cb441c0,2025-01-18,5,,,CREDIT_CARD
6cac25c1-9b7e-4aca-b263-d47f3626f4b2,1848856b-9647-4731-bff6-443ffaeb0e45,f0c24ba3-6ab1-48fd-9ba5-f5e5d7bd481c,275b32bb-da2a-4466-a325-019af89f21cb,2024-10-11,2,172.08,344.16,CREDIT_CARD
0b89f8ec-49d2-4e84-8a17-cfcf8d738398,39b23925-8f87-4738-92f9-aaa2d45cf3aa,b9b70188-006b-4ac4-ba1b-73f4b18e6774,e5dab380-cad5-41d5-b869-511fe2d057eb,2025-06-28,1,23.54,23.54,
d2ba0359-4678-495e-b83f-dd9573ea751d,dbc3210b-1a2d-4005-9ecd-a84a5588c1f0,a714e30f-fc64-404b-afa2-9996d389ccb7,86fafee1-799a-4d73-ad3e-c949284a5246,2024-10-20,1,16.77,16.77,Cash
03964b74-5445-4e42-a0ab-5525fe7257c0,52a9cd7a-8c27-42ee-906c-9207a4ec1f1c,9ff3ff17-ace6-4f47-a4da-bb495f508a3b,5caa3acb-07e8-4825-8eb6-ebdd65ff29bb,2025-07-04,3,56.29,168.87,Cash
24f75d7b-14ae-4fc0-9f8e-5748d669d524,ff474f31-4f18-47d3-9869-87e3bde370d2,10e73e63-20f6-49eb-8d4b-9cf083a43f35,4c9db171-7173-4b17-b1b4-edf5136631e7,2025-03-12,3,124.72,374.16,
440b03ac-e3d5-412e-9d41-a297393b55ca,fc6657e8-a404-4b7b-8c79-6cea837e4586,a1f04893-fc09-4e3f-be25-b10a7ba69952,275b32bb-da2a-4466-a325-019af89f21cb,2025-06-17,3,72.85,228.05,CREDIT_CARD
a0082866-f144-4686-a12a-e116ff8b8e6c,79587b0c-e1af-4f0c-9118-8f1b0af25e5a,,5c17a8f4-a89e-4249-b14e-010278962d40,2025-08-05,4,217.48,869.92,
146f1eac-29b7-4151-87af-2d0dd9552307,86e561e3-0306-44ab-8674-fece79f7072f,874408bb-eabe-40c3-8f81-a1fee9898c70,86fafee1-799a-4d73-ad3e-c949284a5246,2025-06-05,2,42.73,32.68,CREDIT_CARD
98a4e5a0-d7f7-4769-9f20-19db6a0f0775,71cbedb6-bfb2-4d0c-9d47-06ffc6f2f7a1,62c8dd35-6536-47b9-9936-e659a127f3e7,5caa3acb-07e8-4825-8eb6-ebdd65ff29bb,2025-06-20,,290.93,,
c399af52-d282-47ae-8a89-67e79a9348a0,dbc3210b-1a2d-4005-9ecd-a84a5588c1f0,c9ca0f4a-de75-4595-9bc3-885184f46822,275b32bb-da2a-4466-a325-019af89f21cb,2024-11-09,2,69.71,139.42,
1149d5c5-d3c2-4d5d-ad1c-7189bae21b9f,812bb824-849c-4d7c-b23d-d9e40f93d2b3,f0c24ba3-6ab1-48fd-9ba5-f5e5d7bd481c,fb8faf8a-33f8-4cbb-9a91-1f1290e7a88e,2025-07-12,5,-10.0,-50.0,Credit Card
91a6c56f-5707-4cdd-8426-b9eb0061b667,86e561e3-0306-44ab-8674-fece79f7072f,3c1dc979-7cb1-40e1-80bf-fa430c63db67,4c9db171-7173-4b17-b1b4-edf5136631e7,2025-06-23,4,258.58,1034.32,
9b1b85df-c9d9-48cd-a422-9ce637a685d3,d3200a80-a42f-43fd-8580-fcae85f0245f,6d8ed146-7f26-4724-bafe-9fb65c0f0dc7,,2025-01-26,1,161.77,414.62,
842f04c8-de76-491b-8133-c9b37af945b2,71cbedb6-bfb2-4d0c-9d47-06ffc6f2f7a1,6821596b-797d-40b4-bbe7-aa3423d2bff0,5c17a8f4-a89e-4249-b14e-010278962d40,2025-01-17,4,263.07,1052.28,
4cef8f9d-3399-4200-9dc2-baa99e4eca2e,68370574-a77e-4aac-810e-6ab4d4e25b4a,36eec5d0-0761-4bb0-97f8-3aaf1014ce0f,,2025-02-09,5,223.71,1058.71,Cash
5c1e43b8-ca7c-4b03-a594-33aae77fc80e,d3200a80-a42f-43fd-8580-fcae85f0245f,9ff3ff17-ace6-4f47-a4da-bb495f508a3b,c972cfe7-7ead-4806-a953-c9961dcabbd6,2025-07-20,1,81.05,83.56,Cash
168a07c2-b76d-4f4c-a9b1-748b6b3a6d2b,f4529151-1a77-4d08-ad60-5d344cd5dba0,4253c2ff-75aa-4e50-9d32-8b95d61cce58,c02baea7-34ac-4cb0-b3e1-b0916a8c9ebf,2025-01-10,3,50.66,151.98,
201bf884-ab8f-46a0-8ae7-1ca13422d7e0,1541da5e-b9db-4e69-9569-a73016d63e32,7ab34a8e-f117-476f-9569-be4248c67637,c972cfe7-7ead-4806-a953-c9961dcabbd6,2025-02-07,5,227.72,1138.6,Cash
a472d8fa-8ee7-4a1f-97c5-f3e4d0e93caf,dd1ebb20-fed0-4caa-bf15-33c4098d883c,81a5453f-2802-4917-800d-b55b9c373f8d,5c17a8f4-a89e-4249-b14e-010278962d40,2025-06-15,0,233.39,0.0,
430f5c20-e10f-4173-b537-cf0ee9ef54b2,a75d5d74-b6b5-4c4a-af43-d477d447df92,31ef6954-f381-4a13-87c3-e896dc177af5,275b32bb-da2a-4466-a325-019af89f21cb,2024-09-07,3,34.58,103.74,Credit Card
66282ab9-4189-4b9f-a318-9f795cf3eb8e,b081710d-b888-4367-ba6c-075bfa814b79,63c97ee3-7fa6-471d-9819-0ac779045b9c,47cabd91-cfc0-4f8e-ad8f-f9261cb441c0,2025-02-15,2,6.56,13.12,Cash
79f313a9-bc68-4e7b-97c3-27e024c5d753,533f9fef-ee72-47de-a1b9-caff981e5504,4253c2ff-75aa-4e50-9d32-8b95d61cce58,c02baea7-34ac-4cb0-b3e1-b0916a8c9ebf,2025-01-07,4,184.66,738.64,
b011768e-db3d-41de-8d62-e39c418ebd12,c2e689c4-fad4-46a2-8655-724864172932,1009986f-78d7-4d5a-9a14-41fa12c032cf,,2025-02-05,1,56.7,56.7,Cash
2849f9fd-ee2d-453e-99ec-3a48824c1951,9bdd5bb1-0e8f-4e08-b95d-6e7acad63c83,6d8ed146-7f26-4724-bafe-9fb65c0f0dc7,,2025-03-26,2,181.86,363.72,Credit Card
1a859639-5520-46bb-bb08-196e5bef6efc,b081710d-b888-4367-ba6c-075bfa814b79,ef4aad39-4ecc-4cb8-9231-f6e2576f21d7,d81e02c8-cc01-499b-b0ca-68e0a457fb95,,4,235.0,940.0,Credit Card
cd04d9cb-7137-4af4-9bc0-61d7de068107,6953ed4e-d1d3-468b-9107-8cb2f7c1c7b4,2b78063c-aef7-4194-8488-df55dc2860cc,d81e02c8-cc01-499b-b0ca-68e0a457fb95,2025-03-14,5,219.21,1096.05,
353a6c50-9057-4554-b628-52ca18dd7362,9bdd5bb1-0e8f-4e08-b95d-6e7acad63c83,a714e30f-fc64-404b-afa2-9996d389ccb7,c972cfe7-7ead-4806-a953-c9961dcabbd6,2024-09-09,4,174.6,698.4,Cash
0c5d6cde-c9cf-4d52-9aab-010b92c75dc9,2c417464-cc62-4555-b3ad-b444a0e1223b,,4c9db171-7173-4b17-b1b4-edf5136631e7,2024-10-24,5,0.0,0.0,
5d260ad0-9e84-43e4-9f2f-a678173cf69d,adf976c2-31c7-40bb-a10a-4b09f2e5092b,874408bb-eabe-40c3-8f81-a1fee9898c70,,2024-11-03,0,105.2,0.0,Cash
d3e08c76-63bf-41f7-812c-6199e85626f2,350a7064-2418-4618-b8a5-16f7b22918a2,63c97ee3-7fa6-471d-9819-0ac779045b9c,47cabd91-cfc0-4f8e-ad8f-f9261cb441c0,2025-01-04,2,237.65,475.3,
5816c4e2-9e6d-4187-a9fa-d16ea5fe2940,feb5ceb7-39da-4ae8-a25e-cc161e790bcc,31ef6954-f381-4a13-87c3-e896dc177af5,,2025-05-02,4,82.69,330.76,CREDIT_CARD
a1c52bcf-bcc2-4dd8-a577-ccbe3ec55a13,dbc3210b-1a2d-4005-9ecd-a84a5588c1f0,5964fb7a-3a51-41de-81ed-64a1af35fb0d,5c17a8f4-a89e-4249-b14e-010278962d40,2024-11-04,,69.48,,CREDIT_CARD
62144bed-11cb-40a4-8f7e-2ec662129143,2f4a84f4-5216-47a5-8436-e20333631f86,05e362c2-bdba-4e86-ba58-8db43d9fdcff,e5dab380-cad5-41d5-b869-511fe2d057eb,2024-12-22,3,74.28,222.84,
4d093820-b557-42b5-b5f4-d5d36efd1ad5,73f6cce6-ee21-4cd6-904d-5f265649b133,90afff65-6499-4339-8f0c-dd2903d04e98,,2024-08-27,4,-10.0,-40.0,Credit Card
666481fa-3572-4ba9-ab29-e66fa1b0d89a,82623ab8-0df8-4e80-a5b6-9bb389086724,4253c2ff-75aa-4e50-9d32-8b95d61cce58,5caa3acb-07e8-4825-8eb6-ebdd65ff29bb,2025-05-27,0,0.0,0.0,
a29b62ce-1e66-4339-8568-839af1f3ed15,1541da5e-b9db-4e69-9569-a73016d63e32,62c8dd35-6536-47b9-9936-e659a127f3e7,e5dab380-cad5-41d5-b869-511fe2d057eb,2025-05-21,5,226.3,1131.5,
fe362478-8029-44d1-af37-92ee12d1ee06,68370574-a77e-4aac-810e-6ab4d4e25b4a,62c8dd35-6536-47b9-9936-e659a127f3e7,,2025-03-23,1,207.47,207.47,Credit Card
b80a6699-dd41-4bca-9a77-c20204f58881,1e9a5a52-8466-45a8-b8da-76cb7e1ce384,493df26b-04d0-4445-aa4c-653439255f7d,c972cfe7-7ead-4806-a953-c9961dcabbd6,2025-07-05,0,176.4,0.0,Cash
ccb44520-aa19-47cc-b630-0816d5a53dde,e42f28cf-11ca-49a9-8ec4-28d973247d44,5227609d-66df-428b-b516-6f02c7fab87a,ecd0c039-8652-41c1-bf3f-58bb34af0515,2025-05-27,3,130.06,390.18,
8da40d32-d090-4e29-88f7-0374d7cad670,ac3573de-2ee0-47a3-a46c-0a3d39365412,81a5453f-2802-4917-800d-b55b9c373f8d,47cabd91-cfc0-4f8e-ad8f-f9261cb441c0,2024-08-26,3,72.43,217.29,CREDIT_CARD
cf040e3a-e196-4ee9-aef6-b96fb202c4ad,df7ce6a9-015c-4cbc-af95-5c7ddc2378c1,,fb8faf8a-33f8-4cbb-9a91-1f1290e7a88e,2024-12-16,2,49.12,,
55415904-9634-4cea-8ca1-11f3e1b9f831,9d6ff2d6-c2e4-4bc3-ab73-e8ce4bf68f66,5964fb7a-3a51-41de-81ed-64a1af35fb0d,,2025-05-31,5,148.55,700.48,Credit Card
